Symbol,Name
AAB.TO,Aberdeen International Inc
AAUC.TO,Allied Gold Corporation
AAUC.DB.U.TO,Allied Gold Corporation 8.75%
AAV.TO,Advantage Oil & Gas Ltd
ABX.TO,Barrick Gold Corp
AC.TO,Air Canada
ACAA.TO,Arrow Canadian Advantage Alternative Class
ACB.TO,Aurora Cannabis Inc
ACB.WS.U.TO,Aurora Cannabis Inc Ws USD
ACB.WT.U.TO,Aurora Cannabis Inc Wts USD
ACD.TO,Accord Financial
ACD.DB.TO,Accord Financial Corp 7.00 Pct Debs
ACO.X.TO,Atco Ltd Cl I NV
ACO.Y.TO,Atco Ltd Cl II
ACQ.TO,Autocanada Inc
AD.DB.TO,Alaris Royalty Corp 5.50 Pct Debs
AD.DB.A.TO,Alaris Eqty Part Inc Trust 6.25 Pct Debs
AD.UN.TO,Alaris Equity Partners Income Trust
ADCO.TO,Adcore Inc
ADEN.TO,Adentra Inc
ADIV.TO,Arrow Ec Eq Advtg Alternatv Fnd ETF
ADN.TO,Acadian Timber Corp
ADW.A.TO,Andrew Peller Ltd Cl A
ADW.B.TO,Andrew Peller Ltd Cl B
AEG.TO,Aegis Brands Inc
AEM.TO,Agnico Eagle Mines Ltd
AEZS.TO,Aeterna Zentaris Inc
AFN.TO,Ag Growth International Inc
AFN.DB.F.TO,Ag Growth Intl Inc 5.4 Pct Debs
AFN.DB.G.TO,Ag Growth Intl Inc 5.25 Pct Debs
AFN.DB.H.TO,Ag Growth Intl Inc 5.25 Pct Debs
AFN.DB.I.TO,Ag Growth International Inc 5 Pct Debs
AFN.DB.J.TO,Ag Growth Intl Inc 5.20 Pct Debs
AGF.B.TO,AGF Management Ltd Cl B NV
AGI.TO,Alamos Gold Inc Cls A
AGRI.RT.U.TO,Agrinam Acquisition Corporation Rights
AI.TO,Atrium Mortgage Investment Corp
AI.DB.C.TO,Atrium Mortgage Inv Corp 5.30 Pct Debs
AI.DB.D.TO,Atrium Mortgage Inv Corp 5.50 Pct Debs
AI.DB.E.TO,Atrium Mortgage Inv Corp 5.60 Pct Debs
AI.DB.F.TO,Atrium Mortgage Inv Corp 5 Pct Debs
AI.DB.G.TO,Atrium Mortgage Inv Corp 5.10 Pct Debs
AIDX.TO,Healwell Ai Inc. Class A
AIF.TO,Altus Group Ltd
AII.TO,Almonty Industries Inc
AIM.TO,Aimia Inc
AIM.PR.A.TO,Aimia Inc Pref Ser 1
AIM.PR.C.TO,Aimia Inc Pref Ser 3
AKT.A.TO,Akita Drilling Ltd Cl A NV
ALA.TO,AltaGas Ltd
ALA.PR.A.TO,AltaGas Ltd Pref A
ALA.PR.B.TO,AltaGas Ltd Pref Ser B
ALA.PR.G.TO,AltaGas Ltd Pref G
ALA.PR.H.TO,AltaGas Ltd Pref H
ALC.TO,Algoma Central
ALC.DB.A.TO,Algoma Central Corp 5.25 Pct Debs
ALS.TO,Altius Minerals Corp
ALYA.TO,Alithya Group
AMAX.TO,Hamilton Gold Producer Yld Maximizer ETF
AMC.TO,Arizona Metals Corp
AMM.TO,Almaden Minerals Ltd
AND.TO,Andlauer Healthcare Group Inc
ANRG.TO,Anaergia Inc
AOI.TO,Africa Oil Corp
AOT.TO,Ascot Resources Ltd
AP.UN.TO,Allied Properties Real Estate Inv Trust
APLI.TO,Appili Therapeutics Inc
APR.UN.TO,Automotive Properties REIT
APS.TO,Aptose Biosciences Inc
AQN.TO,Algonquin Power and Utilities Corp
AQN.PR.A.TO,Algonquin Power and Utilities Pref A
AQN.PR.D.TO,Algonquin Power and Utilities Pref D
AR.TO,Argonaut Gold Inc
AR.DB.U.TO,Argonaut Gold Inc 4.625%
ARA.TO,Aclara Resources Inc
ARB.TO,Accelerate Arbitrage Fund ETF
ARE.TO,Aecon Group Inc
ARG.TO,Amerigo Resources Ltd
ARIS.TO,Aris Gold Corporation
ARIS.WT.A.TO,Aris Mining Corporation WT
ARIS.WT.B.TO,Aris Mining Corporation Wts B
ARKG.TO,BMO Ark Genomic Revolution Fund ETF
ARKK.TO,BMO Ark Innovation Fund ETF
ARKW.TO,BMO Ark Next Gen Internet Fund ETF
ARR.TO,Altius Renewable Royalties Corp
ARTI.TO,Evolve Artificial Intelligence Fund
ARX.TO,Arc Resources Ltd
ASCU.TO,Arizona Sonoran Copper Company Inc
ASM.TO,Avino Silver and Gold Mines Ltd
ASND.TO,Ascendant Resources Inc
ASTL.TO,Algoma Steel Group Inc
ASTL.WT.TO,Algoma Steel Group Inc
ATCU.TO,Candente Copper Corp
ATD.TO,Alimentation Couche-Tard Inc.
ATE.TO,Antibe Therapeutics Inc
ATH.TO,Athabasca Oil Corp
ATRL.TO,Snc-Lavalin Group Inc
ATS.TO,Ats Corp
ATSX.TO,Accelerate Enhanced CDN Bm Alt Fund ETF
ATZ.TO,Aritzia Inc
AUGB.F.TO,First Trst CBOE Vest US Eqty Buffer ETF
AUMN.TO,Golden Minerals Company
AVCN.TO,Avicanna Inc
AVL.TO,Avalon Advanced Materials Inc
AVNT.TO,Avant Brands Inc
AW.UN.TO,A&W Revenue Royalties Income Fund
AX.PR.E.TO,Artis REIT Pref Ser E
AX.PR.I.TO,Artis REIT Pref Series I
AX.UN.TO,Artis Real Estate Investment Trust Units
AXIS.TO,Axis Auto Finance Inc
AYA.TO,Aya Gold and Silver Inc
BABY.TO,Else Nutrition Holdings Inc
BABY.WT.A.TO,Else Nutrition Holdings Inc.
BAM.TO,Brookfield Asset Management Ltd
BANK.TO,Evolve CDN Banks Lifecos Enh Yld Idx ETF
BASE.TO,Evolve Glob Matls Mining Enh Yld Idx ETF
BASE.B.TO,Evolve Glob Matls Mining Enh Yld Unhgd
BB.TO,Blackberry Ltd
BBD.A.TO,Bombardier Inc Cl A Mv
BBD.B.TO,Bombardier Inc Cl B Sv
BBD.PR.B.TO,Bombardier 2 Pr
BBD.PR.C.TO,Bombardier Inc Pref Class C
BBD.PR.D.TO,Bombardier Inc Pref Ser 3
BBIG.TO,Horizons Global Bbig Technology ETF Clas
BBIG.U.TO,Horizons Global Bbig Tech ETF USD
BBU.UN.TO,Brookfield Business Partners LP
BBUC.TO,Brookfield Business Corporation
BCE.TO,BCE Inc
BCE.PR.A.TO,BCE First Pr Shares Series AA
BCE.PR.B.TO,BCE Inc First Pr Shares Series Ab
BCE.PR.C.TO,BCE Inc Pr Shares Series AC
BCE.PR.D.TO,BCE Inc Pref Shares Series Ad
BCE.PR.E.TO,BCE 1st Pref Shares Series Ae
BCE.PR.F.TO,BCE 1st Pref Shares Series Af
BCE.PR.G.TO,BCE 1st Pref Shares Series Ag
BCE.PR.H.TO,BCE 1st Pref Shares Series Ah
BCE.PR.I.TO,BCE 1st Pref Shares Series Ai
BCE.PR.J.TO,BCE Inc Pref Sh Series Aj
BCE.PR.K.TO,BCE Inc Pref Ser AK
BCE.PR.L.TO,BCE Inc Pref Ser AL
BCE.PR.M.TO,BCE Inc Pref Shares Series Am
BCE.PR.N.TO,BCE Inc Pref Shares Series An
BCE.PR.Q.TO,BCE Inc Pref Shares Series Aq
BCE.PR.R.TO,BCE Inc Ser R
BCE.PR.S.TO,BCE Inc Ser S
BCE.PR.T.TO,BCE Inc First Pref Series T
BCE.PR.Y.TO,BCE Inc Ser Y Pr
BCE.PR.Z.TO,BCE Inc Series Z
BCT.TO,Briacell Therapeutics Corp
BDGI.TO,Badger Infrastructure Solutions Ltd
BDI.TO,Black Diamond Group Ltd
BDIV.TO,Brompton Global Dividend Growth ETF
BDT.TO,Bird Construction Inc
BEI.UN.TO,Boardwalk Real Estate Investment Trust
BEK.B.TO,Becker Milk Company Ltd Cl B NV
BEP.PR.G.TO,Brookfield Renewable LP Pref Ser 7
BEP.PR.M.TO,Brookfield Renewable LP Pref Ser 13
BEP.PR.O.TO,Brookfield Renewable Partners L.P.
BEP.PR.R.TO,Brookfield Renewable Partners LP
BEP.UN.TO,Brookfield Renewable Partners LP
BEPC.TO,Brookfield Renewable Corp
BEPR.TO,Brompton Flaherty & Crumrine Enhanced IN
BEPR.U.TO,Brompton Flaherty Crumine Enh Pr ETF USD
BESG.TO,Invesco ESG CDN Core Plus Bond ETF
BFIN.TO,Brompton Na Financials Dividend ETF
BGC.TO,Bristol Gate Concentrated CDN Eqty ETF
BGI.UN.TO,Brookfield Glbl Infras Sec Inc Fd
BGU.TO,Bristol Gate Concentrated US Eqty ETF
BGU.U.TO,Bristol Gate Conc US Eqty ETF USD
BHC.TO,Bausch Health Companies Inc
BIK.PR.A.TO,Bip Investment Corp Pref Ser 1
BIP.PR.A.TO,Brookfield Infra Partners LP Pref Ser 1
BIP.PR.B.TO,Brookfield Infra Partners LP Pref Ser 3
BIP.PR.E.TO,Brookfield Infra Partners LP Pref Ser 9
BIP.PR.F.TO,Brookfield Infra Partners LP Pref Ser 11
BIP.UN.TO,Brookfield Infra Partners LP Units
BIPC.TO,Brookfield Infrastructure Corp
BIR.TO,Birchcliff Energy Ltd
BITF.TO,Bitfarms Ltd
BITI.TO,Betapro Inverse Bitcoin ETF
BITI.U.TO,Betapro Inverse Bitcoin ETF USD
BK.TO,Canadian Banc Corp
BK.PR.A.TO,Canadian Banc Corp Pref A
BKCC.TO,Horizons Eql WT CDN Bank Cvrd Call ETF
BKCL.TO,Horizons Enhnc Eql Wght CDN Bnk Cvcl ETF
BKI.TO,Black Iron Inc
BLB.UN.TO,Bloom Select Income Fund
BLCK.TO,First Trust Indxx Innov Trans Proc ETF
BLCO.TO,Bausch Lomb Corporation
BLDP.TO,Ballard Power Systems Inc
BLN.TO,Blackline Safety Corp
BLOV.TO,Brompton Na Low Volatility Dividend ETF
BLX.TO,Boralex Inc
BMAX.TO,Brompton Enhanced Multi Asset Income ETF
BMO.TO,Bank of Montreal
BMO.PR.E.TO,BMO Pref Shares Series 44
BMO.PR.F.TO,BMO Pref Shares Series 46
BMO.PR.S.TO,BMO Cl B Pref Shares Ser 27
BMO.PR.T.TO,BMO Non Cum Cl B Prf Share Series 29
BMO.PR.W.TO,BMO Cl B Pref Shares Ser 31
BMO.PR.Y.TO,Bank of Montreal Pref Ser 33
BN.TO,Brookfield Corporation
BN.PF.A.TO,Brookfield Corporation Pref Ser 32
BN.PF.B.TO,Brookfield Corporation Pref Ser 34
BN.PF.C.TO,Brookfield Corporation Pref Ser 36
BN.PF.D.TO,Brookfield Corporation Pref Ser 37
BN.PF.E.TO,Brookfield Corporation Pref Ser 38
BN.PF.F.TO,Brookfield Corporation Pref Ser 40
BN.PF.G.TO,Brookfield Corporation Pref Ser 42
BN.PF.H.TO,Brookfield Corporation Pref Ser 44
BN.PF.I.TO,Brookfield Corporation Pref Ser 46
BN.PF.J.TO,Brookfield Corporation Pref Ser 48
BN.PF.K.TO,Brookfield Corporation Pref Ser 51
BN.PF.L.TO,Brookfield Corporation Pref Ser 52
BN.PR.B.TO,Brookfield Corporation Pref Ser 2
BN.PR.C.TO,Brookfield Corporation Pref Ser 4
BN.PR.K.TO,Brookfield Corporation Pref Ser 13
BN.PR.M.TO,Brookfield Corporation Pref Ser 17
BN.PR.N.TO,Brookfield Corporation Pref Ser 18
BN.PR.R.TO,Brookfield Corporation Pref Ser 24
BN.PR.T.TO,Brookfield Corporation Pref Ser 26
BN.PR.X.TO,Brookfield Corporation Pref Ser 28
BN.PR.Z.TO,Brookfield Corporation Pref Ser 30
BNC.TO,Purpose CDN Financial Income Fund ETF
BND.TO,Purpose Tactical Inv Grade Bond ETF
BNE.TO,Bonterra Energy Corp
BNG.TO,Bengal Energy Ltd
BNK.TO,Big Banc Split Corp Cl A
BNK.PR.A.TO,Big Banc Split Corp
BNKL.TO,Horizons Enhnced Eql Wght Banks Idx ETF
BNRE.TO,Brookfield Reinsurance Ltd. Class A
BNRE.A.TO,Brookfield Reinsurance Ltd. Class A-1
BNS.TO,Bank of Nova Scotia
BOND.TO,Evolve Enhanced Yield Bond Fund ETF
BOND.B.TO,Evolve Enhanced Yield Bond Fund
BOND.U.TO,Evolve Enhanced Yld Bd Fund Unhg ETF USD
BOS.TO,Airboss America J
BPF.UN.TO,Boston Pizza Royalties Income Fund
BPO.PR.A.TO,Brookfield Office Properties Pref Ser AA
BPO.PR.C.TO,Brookfield Office Properties Pref Ser CC
BPO.PR.E.TO,Brookfield Office Properties Pref Ser Ee
BPO.PR.G.TO,Brookfield Office Properties Pref Ser G
BPO.PR.I.TO,Brookfield Office Properties Pref Ser II
BPO.PR.N.TO,Brookfield Office Properties Pref Ser N
BPO.PR.P.TO,Brookfield Office Properties Pref Ser P
BPO.PR.R.TO,Brookfield Office Properties Pref Ser R
BPO.PR.T.TO,Brookfield Office Properties Pref Ser T
BPO.PR.W.TO,Brookfield Office Properties Pref Ser W
BPO.PR.X.TO,Brookfield Office Properties Pref Ser V
BPO.PR.Y.TO,Brookfield Office Properties Pref Ser Y
BPRF.TO,Bf and Crumrine Invest Grade Pref ETF
BPRF.U.TO,Bf and Crumrine Invgrade Pref ETF USD
BPS.PR.A.TO,Brookfield Property Split Pref Ser 2
BPS.PR.B.TO,Brookfield Property Split Pref Ser 3
BPS.PR.C.TO,Brookfield Property Split Pref Ser 4
BPS.PR.U.TO,Brookfield Property Split Pref Ser 1
BPYP.PR.A.TO,Brookfield Property Preferred L.P.
BR.TO,Big Rock Brewery Inc
BRAG.TO,Bragg Gaming Group Inc
BRE.TO,Bridgemarq Real Estate Services Inc
BREA.TO,Brompton Global Real Assets Dividend ETF
BRF.PR.A.TO,Brookfield Renewable Pref Cl A Ser 1
BRF.PR.B.TO,Brookfield Renewable Pref Cl A Ser 2
BRF.PR.C.TO,Brookfield Renewable Power Pref Eqty Inc
BRF.PR.E.TO,Brookfield Renewable Power Pref Eqt Sr 5
BRF.PR.F.TO,Brookfield Renewable Power Pref Eqt Sr 6
BRMI.TO,Boat Rocker Media Inc
BRY.TO,Bri Chem Corp
BSKT.TO,Manulife Smart Core Bond ETF
BSX.TO,Belo Sun Mining Corp
BTB.DB.G.TO,Btb REIT 6.0 Pct Debs
BTB.DB.H.TO,Btb REIT 7.00 Pct Debs
BTB.UN.TO,Btb REIT Units
BTCC.TO,Purpose Bitcoin ETF Currency Hgd
BTCC.B.TO,Purpose Bitcoin ETF [Cad ETF Non-Currenc
BTCC.J.TO,Purpose Bitcoin Carbon Offset ETF
BTCC.U.TO,Purpose Bitcoin ETF [Usd ETF Non-Currenc
BTCQ.TO,3iQ Coinshares Bitcoin ETF
BTCQ.U.TO,3iQ Coinshares Bitcoin ETF USD
BTCX.B.TO,CI Galaxy Bitcoin ETF
BTCX.U.TO,CI Galaxy Bitcoin ETF USD
BTCY.TO,Purpose Bitcoin Yield ETF
BTCY.B.TO,Purpose Bitcoin Yield ETF
BTCY.U.TO,Purpose Bitcoin Yield ETF USD
BTE.TO,Baytex Energy Corp
BTO.TO,B2Gold Corp
BU.TO,Burcon Nutrascience Corp
BUI.TO,Buhler Ind
BXF.TO,CI 1 To 5 Yr Lad Gov Stp Bd ETF
BYD.TO,Boyd Group Services Inc
BYL.TO,Baylin Technologies Inc
BYL.DB.TO,Baylin Technologies Inc 6.5 Pct Debs
CACB.TO,CIBC Active Invst Grade Corp Bond ETF
CAE.TO,Cae Inc
CAFR.TO,CIBC Act Invst Grade Float Rate Bond ETF
CAGS.TO,CI Yld Enh CDN ST Agg Bd Idx ETF
CALL.TO,Evolve US Banks Enhanced Yield ETF
CALL.B.TO,Evolve US Banks Enhanced Yield Unheg
CALL.U.TO,Evolve US Banks Enhanced Yld Fd ETF USD
CANL.TO,Horizons Enhanced SP TSX 60 Index ETF
CAR.UN.TO,CDN Apartment Un
CARB.TO,Horizons Carbon Credits ETF
CARS.TO,Evolve Automobile Innovation Idx Hgd ETF
CARS.B.TO,Evolve Automobile Innovation Idx Uh ETF
CAS.TO,Cascades Inc
CASH.TO,Horizons High Interest Savings ETF
CBAL.TO,CI Balanced Asset Allocation ETF
CBCX.TO,CI Galaxy Blockchain ETF
CBGR.TO,CI Balanced Growth Asset Allocation ETF
CBH.TO,Ishares 1-10 Yr Laddered Corp Bond ETF
CBIL.TO,Horizons 0 To 3 Month T Bill ETF
CBND.TO,Manulife Smart Corporate Bond ETF
CBNK.TO,Mulvihill Canadian Bank Enhanced Yield E
CBO.TO,Ishares 1-5Yr Laddered Corp Bond ETF
CBUG.TO,CI Digital Security ETF
CCA.TO,Cogeco Communications Inc
CCBI.TO,CIBC Canadian Bond Index ETF
CCEI.TO,CIBC Canadian Equity Index ETF
CCL.A.TO,Ccl Inc Cl A
CCL.B.TO,Ccl Industries Inc Cl B NV
CCM.TO,Canagold Resources Ltd
CCNS.TO,CIBC Conservative Fixed Income Pool ETF
CCO.TO,Cameco Corp
CCOM.TO,CI Auspice Broad Commodity ETF
CCRE.TO,CIBC Core Fixed Income Pool ETF
CCS.PR.C.TO,Co-Operators Gen Ins Cl E Prf
CDEF.TO,Manulife Smart Defensive Equity ETF
CDIV.TO,Manulife Smart Dividend ETF
CDLB.TO,CI Doubleline Total Return Bnd US HD ETF
CDLB.U.TO,CI Doubleline Total Retrn Bnd US ETF USD
CDNA.TO,CI Bio Revolution ETF
CDR.TO,Condor Energies Inc
CDZ.TO,Ishares S&P TSX CDN Dividend ETF
CEE.TO,Centamin Plc
CEF.TO,Sprott Physical Gold Silver Trust
CEF.U.TO,Central Fund of Canada Ltd Cl U NV
CEMI.TO,CIBC Emerging Markets Equity Index ETF
CET.TO,Cathedral Energy Services Ltd
CEU.TO,Ces Energy Solutions Corp
CEW.TO,Ishares Equal Weight Banc Lifeco ETF
CF.TO,Canaccord Genuity Group Inc
CF.PR.A.TO,Canaccord Genuity Group Inc Pref A
CF.PR.C.TO,Canaccord Genuity Group Inc Pref C
CFF.TO,Conifex Timber Inc
CFLX.TO,CIBC Flexible Yield ETF Hedged
CFP.TO,Canfor Corp
CFRT.TO,CI Floating Rate Income Fund
CFW.TO,Calfrac Well Services Ltd
CFX.TO,Canfor Pulp Products Inc
CG.TO,Centerra Gold Inc
CGAA.TO,CI Glb Asset Allocation ETF
CGBI.TO,CIBC Global Bond Ex Can Idx ETF
CGDV.TO,CI Global Min Downside Vol Index ETF
CGDV.B.TO,CI Global Min Downside Vol Index Uh ETF
CGG.TO,China Gold Int Resources Corp
CGHY.TO,CI Global High Yld Cdt Pvt Pool ETF
CGHY.U.TO,CI Global High Yld Cdt Pvt Pool ETF USD
CGI.TO,CDN General Inv
CGIN.TO,CI Global Investment Grade ETF
CGIN.U.TO,CI Global Investment Grade ETF USD
CGL.TO,Ishares Gold Bullion ETF Hdg
CGL.C.TO,Ishares Gold Bullion ETF Non Hdg
CGLO.TO,CIBC Global Growth ETF
CGO.TO,Cogeco Inc Sv
CGR.TO,Ishares Global Real Estate ETF
CGRA.TO,CI Global Real Asset Private Pool ETF
CGRE.TO,CI Global REIT Private Pool ETF
CGRN.TO,CI Gbl Susble Infra Fund ETF
CGRO.TO,CI Growth Asset Allocation ETF
CGX.TO,Cineplex Inc
CGX.DB.B.TO,Cineplex Inc Debs
CGXF.TO,CI Gld Giants Cvr Call ETF
CGXF.U.TO,CI Gld Giants Cvr Call ETF USD
CGY.TO,Calian Group Ltd
CHE.DB.E.TO,Chemtrade Logistics If 6.50 Pct Debs
CHE.DB.F.TO,Chemtrade Logistics If 8.50 Pct Debs
CHE.DB.G.TO,Chemtrade Logistics Incme Fund 6.25 Debs
CHE.DB.H.TO,Chemtrade Logistics Incme Fd 7 Pct Debs
CHE.UN.TO,Chemtrade Logistics Income Fund
CHNA.B.TO,CI Icbccs SP China 500 Index ETF NH
CHP.UN.TO,Choice Properties REIT
CHPS.TO,Horizons Global Semiconductor Index ETF
CHPS.U.TO,Horizons Global Semiconductr Idx ETF USD
CHR.TO,Chorus Aviation Inc
CHR.DB.A.TO,Chorus Aviation Inc 5.75 Pct Debs
CHR.DB.B.TO,Chorus Aviation Inc 6.00 Pct Debs
CHR.DB.C.TO,Chorus Aviation Inc 5.75 Pct Debs C
CHW.TO,Chesswood Group Ltd
CIA.TO,Champion Iron Ltd
CIBR.TO,First Trust Nasdaq Cybersecurity ETF
CIC.TO,CI Can Banks Cov Call Income Class ETF
CIEH.TO,CIBC International Equity Index ETF
CIEI.TO,CIBC International Equity Index ETF
CIEM.TO,CI Emerging Markets Alpha ETF
CIEM.U.TO,CI Emerging Markets Alpha Hg ETF USD
CIF.TO,Ishares Global Infrastructure Index ETF
CIGI.TO,Colliers International Group Inc
CINC.TO,CI Doubleline Income US Hdg ETF
CINC.B.TO,CI Doubleline Income US$ Fund
CINC.U.TO,CI Doubleline Income US$ Fund
CINF.TO,CI Global Infrastructure Pvt Pool ETF
CINT.TO,CIBC International Equity ETF
CINV.TO,CI Global Alpha Innovation ETF
CINV.U.TO,CI Global Alpha Innovation ETF USD
CIQ.UN.TO,Canadian High Income Equity Fund
CIU.PR.A.TO,Cu Inc Pref Shares
CIU.PR.C.TO,Cu Inc Pref Ser 4
CIX.TO,CI Financial Corp
CJ.TO,Cardinal Energy Ltd
CJR.B.TO,Corus Entertainment Inc Cl B NV
CJT.TO,Cargojet Inc
CJT.DB.E.TO,Cargojet Inc 5.75 Pct Debs
CJT.DB.F.TO,Cargojet Inc 5.25 Pct Debs
CKI.TO,Clarke Inc
CLF.TO,Ishares 1-5 Yr Ladder Govt Bond ETF
CLG.TO,Ishares 1-10 Yr Ladder Govt Bond ETF
CLML.TO,CI Global Climate Leaders Fund ETF
CLML.U.TO,CI Global Climate Leaders Fund ETF USD
CLMT.TO,Purpose Global Climate Opportunities Fun
CLP.UN.TO,International Clean Power Dividend Fund
CLS.TO,Celestica Inc Sv
CM.TO,Canadian Imperial Bank of Commerce
CM.PR.O.TO,CIBC Pref Ser 39
CM.PR.P.TO,CIBC Pref Ser 41
CM.PR.Q.TO,CIBC Pref Ser 43
CM.PR.S.TO,CIBC Pref Series 47
CM.PR.T.TO,CIBC Pref Series 49
CM.PR.Y.TO,CIBC Pref Series 51
CMAG.TO,CI Munro Alt Global Growth Fund
CMAG.U.TO,CI Munro Alt Global Growth Fund USD
CMAR.TO,CI Marret Alt Absolute Return Bond Fund
CMAR.U.TO,CI Marret Alt Absolute Rtrn Bnd ETF USD
CMCX.B.TO,CI Galaxy Multi Crypto ETF
CMCX.U.TO,CI Galaxy Multi Crypto Unhgd ETF USD
CMDO.TO,CI Alternative Diversified Opp ETF
CMDO.U.TO,CI Alternative Diversified Opp ETF USD
CMEY.TO,CI Marret Alternative Enhanced Yield ETF
CMG.TO,Computer Modelling Group Ltd
CMGG.TO,CI Munro Global Gwth Equity Fund ETF CAD
CMGG.U.TO,CI Munro Global Growth Equity Fund
CMNY.TO,CI Money Market ETF
CMR.TO,Ishares Premium Money Market ETF
CNAO.TO,CI Alternative Na Opps Fund ETF
CNAO.U.TO,CI Alternative Na Opps Fund ETF USD
CNCC.TO,Horizons CDN Lrg Cap Eqty Cvrd Call ETF
CNCL.TO,Horizons Enhncd CDN Lg Cap Eqt Cvcl ETF
CNE.TO,Canacol Energy Ltd
CNL.TO,Collective Mining Ltd
CNQ.TO,Canadian Natural Resources Ltd.
CNR.TO,Canadian National Railway Co.
CNT.TO,Century Global Commodities Corp
COG.TO,Condor Gold Plc
COMM.TO,BMO Global Communications Index ETF
COPP.TO,Horizons Copper Producers Idx ETF
COW.TO,Ishares Global Agri Index ETF
CP.TO,Canadian Pacific Kansas City Ltd
CPD.TO,Ishares S&P TSX CDN Pref ETF
CPG.TO,Crescent Point Energy Corp
CPH.TO,Cipher Pharmaceuticals Inc
CPLF.TO,Copperleaf Technologies Inc
CPLS.TO,CIBC Core Plus Fixed Income Pool ETF
CPX.TO,Capital Power Corp
CPX.PR.A.TO,Capital Power Corp Pref Ser 1
CPX.PR.C.TO,Capital Power Corp Pref Ser 3
CPX.PR.E.TO,Capital Power Corp Pref Ser 5
CPX.PR.K.TO,Capital Power Corp Pref Series 11
CR.TO,Crew Energy Inc
CRDL.TO,Cardiol Therapeutics Inc
CRDL.WT.A.TO,Cardiol Therapeutics Inc Purchase WT
CRED.TO,CI Lawrence Park Alt Invest Grd Crdt ETF
CRED.U.TO,CI Lawrence Park Alt Inv Grd Crt ETF USD
CRON.TO,Cronos Group Inc
CROP.TO,Purpose Credit Opportunities Fund ETF
CROP.U.TO,Purpose Credit Opportunities Fund
CRP.TO,Ceres Global Ag Corp
CRR.UN.TO,Crombie Real Estate Investment Trust
CRRX.TO,Carerx Corp
CRT.UN.TO,CT Real Estate Investment Trust
CRWN.TO,Crown Capital Partners Inc
CRWN.NT.TO,Crown Capital Partners Inc 10 Pct Debs
CS.TO,Capstone Mining Corp
CSAV.TO,CI High Interest Savings ETF
CSBI.TO,CIBC CDN Short Term Bond Index ETF
CSE.PR.A.TO,Capstone Infrastructure Corp Pref A
CSH.UN.TO,Chartwell Retirement Residences
CSU.TO,Constellation Software Inc
CSU.DB.TO,Constellation Software Inc Debs Ser 1
CSW.A.TO,Corby Spirit and Wine Ltd Class A
CSW.B.TO,Corby Spirit and Wine Ltd Class B
CTC.TO,Canadian Tire Corp Ltd
CTC.A.TO,Canadian Tire Corp Cl A NV
CTF.UN.TO,Citadel Income Fund
CTS.TO,Converge Technology Solutions Corp
CTX.TO,Crescita Therapeutics Inc
CU.TO,Canadian Utilities Ltd Cl A NV
CU.PR.C.TO,Canadian Utilities Ltd Pref Ser C
CU.PR.D.TO,Canadian Utilities Ltd Pr Series AA
CU.PR.E.TO,Canadian Utilities Ltd Pref Ser Bb
CU.PR.F.TO,Canadian Utilities Ltd Pref Ser CC
CU.PR.G.TO,Canadian Utilities Ltd Pref Ser Dd
CU.PR.H.TO,Canadian Utilities Ltd Pref Ser Ee
CU.PR.I.TO,Canadian Utilities Ltd Pref Ser Ff
CU.PR.J.TO,Canadian Utilities Cumulative Redeemable Second
CUD.TO,Ishares S&P US Div Growers ETF
CUDV.TO,CI U.S. Minimum Downside Volatility Index ETF
CUEH.TO,CIBC US Equity Index ETF
CUEI.TO,CIBC US Equity Index ETF
CUP.U.TO,Caribbean Util US
CURA.TO,Curaleaf Holdings Inc
CUTL.TO,CI Utilities Giants Covered Call ETF
CUTL.B.TO,CI Utilities Giants Covered Call ETF Uh
CVD.TO,Ishares Convertible Bond Index ETF
CVE.TO,Cenovus Energy Inc
CVE.PR.A.TO,Cenovus Energy Inc
CVE.PR.B.TO,Cenovus Energy Inc
CVE.PR.C.TO,Cenovus Energy Inc
CVE.PR.E.TO,Cenovus Energy Inc
CVE.PR.G.TO,Cenovus Energy Inc
CVE.WT.TO,Cenovus Energy Inc WT
CVG.TO,Clairvest Group
CVO.TO,Coveo Solutions Inc
CWB.TO,CDN Western Bank
CWB.PR.B.TO,Canadian Western Bank Pref Ser 5
CWB.PR.D.TO,Canadian Western Bank Pref Series 9
CWEB.TO,Charlotte's Web Holdings Inc
CWL.TO,Caldwell Partners International Inc
CWW.TO,Ishares S&P Global Water ETF
CXB.TO,Calibre Mining Corp
CXF.TO,CI CDN Convert Bond ETF
CXI.TO,Currency Exchange International Corp
CYB.TO,Cymbria Corp Cl A
CYBR.TO,Evolve Cyber Security Index Hgd ETF
CYBR.B.TO,Evolve Cyber Security Index Uh ETF
CYBR.U.TO,Evolve Cyber Security Index Uh Fund USD
CYH.TO,Ishares Global Monthly Dividend ETF
D.UN.TO,Dream Office REIT
DANC.TO,Desjardins Lng Shrt Eqty Mkt Ntrl ETF
DANC.U.TO,Desjardins Alt Long Short Eq Neu ETF USD
DATA.TO,Evolve Cloud Computing Index Fund Hg ETF
DATA.B.TO,Evolve Cloud Computing Indx Fund Uhg ETF
DAY.TO,Dayforce Inc
DBM.TO,Doman Building Materials Group Ltd.
DBO.TO,Dbox Technologies Inc
DC.A.TO,Dundee Corp Cl A Sv
DC.PR.B.TO,Dundee Corp First Pref Ser 2
DC.PR.D.TO,Dundee Corp Pref Ser 3
DCBO.TO,Docebo Inc
DCC.TO,Desjardins 1To5 Yr Lad CDN Corp Bd ETF
DCG.TO,Desjardins 1To5 Yr Lad CDN Govt Bd ETF
DCM.TO,Data Communications Mgmt Corp
DCP.TO,Desjardins CDN Pref Share ETF
DCS.TO,Desjardins CDN Short Term Bd ETF
DCU.TO,Desjardins CDN Universe Bond Index ETF
DF.TO,Dividend 15 Split Corp II
DF.PR.A.TO,Dividend 15 Split Corp II Prf
DFN.TO,Dividend 15 Split Corp
DFN.PR.A.TO,Dividend 15 Split Corp
DFY.TO,Definity Financial Corporation
DGR.TO,CI Wisdomtree US Qty Div Gwth Idx ETF
DGR.B.TO,CI Wisdomtree US Qty Div Gwth Idx ETF NH
DGRC.TO,CI Wisdomtree CDN Qlty Div Grth Idx ETF
DGS.TO,Dividend Growth Split Corp Class A
DGS.PR.A.TO,Dividend Growth Split Corp Pref
DHT.U.TO,Dri Healthcare Trust USD
DHT.UN.TO,Dri Healthcare Trust
DIAM.TO,Star Diamond Corp
DII.A.TO,Dorel Industries Inc Cl A Mv
DII.B.TO,Dorel Industries Inc Cl B Sv
DIR.UN.TO,Dream Industrial REIT
DISC.TO,BMO Glb Consumer Disc Hgd To CAD ETF
DIV.TO,Diversified Royalty Corp
DIV.DB.A.TO,Diversified Royalty Corp 6.00 Pct Debs
DIVS.TO,Evolve Active CDN Pref Share ETF
DLCG.TO,Dominion Lending Centres Inc
DLR.TO,Horizons US Dollar Currency ETF
DLR.U.TO,Horizons US Dollar Currency ETF USD
DML.TO,Denison Mines Corp
DN.TO,Delta 9 Cannabis Inc
DND.TO,Dye & Durham Ltd
DNG.TO,Dynacor Gold Mines Inc
DNTL.TO,Dentalcorp Holdings Ltd
DOL.TO,Dollarama Inc
DOO.TO,Brp Inc
DPM.TO,Dundee Precious Metals Inc
DQD.TO,CI Wisdomtree Y.S. Qlty Divd Gwth Var Hgd ETF
DQI.TO,CI Wisdomtree Intl Qlty Div Gwth Var Hgd ETF
DR.TO,Medical Facilities Corp
DRCU.TO,Desjardins RI Active Canadian Bond-Low C
DRFC.TO,Desjardins RI Cda Multi Low Co2 ETF
DRFD.TO,Desjardins RI Dev Ex USA Ex Cda Co2 ETF
DRFE.TO,Desjardins Emerging Mkts Low Co2 ETF
DRFG.TO,Desjardins Gbl Fossil Fuel Res Free ETF
DRFU.TO,Desjardins RI USA Multi Low Co2 ETF
DRM.TO,Dream Unlimited Corp
DRMC.TO,Desjardins RI Canada-Low Co2 Index ETF
DRMD.TO,Desjardins RI Dev Exusa Exca Low Co2 ETF
DRME.TO,Desjardins RI Emrgng Mkt Low Co2 Idx ETF
DRMU.TO,Desjardins RI USA Low Co2 Index ETF
DRR.U.TO,Dream Residential Real Estate Investment
DRR.UN.TO,Dream Residential REIT
DRT.TO,Dirtt Environmental Solutions Ltd
DRT.DB.TO,Dirtt Environmental Solns Ltd 6 Pct Debs
DRT.DB.A.TO,Dirtt Enviro Solutions Ltd 6.25 Pct Debs
DRX.TO,Adf Group Inc Sv
DS.TO,Dividend Select 15 Corp
DSAE.TO,Desjardins Societerra American Eqty ETF
DSG.TO,Descartes Sys
DSV.TO,Discovery Silver Corp
DTOL.TO,D2L Inc
DXB.TO,Dynamic Ishares Act Tactical Bond ETF
DXBC.TO,Dynamic Active Canadian Bond ETF
DXBU.TO,Dynamic Active U.S. Investment Grade Corporate B
DXC.TO,Dyn Ishares Active CDN Div ETF
DXDB.TO,Dynamic Active Discount Bond ETF
DXEM.TO,Dynamic Active Emerging Markets ETF
DXET.TO,Dynamic Active Energy Evolution ETF
DXF.TO,Dynamic Ishares Act Global Fin Ser ETF
DXG.TO,Dyn Ishares Active Global Div ETF
DXGE.TO,Dynamic Actv Glbl Eqty Income ETF
DXIF.TO,Dynamic Active International ETF
DXN.TO,Dynamic Active Global Infrastructure ETF
DXO.TO,Dyn Ishares Act Crossover Bond ETF
DXP.TO,Dyn Ishares Active Pref Shares ETF
DXQ.TO,Dynamic Active Enh Yld Cov Opt ETF
DXR.TO,Dynamic Active Retirement Income+ ETF
DXT.TO,Dexterra Group Inc
DXU.TO,Dyn Ishares Active US Div ETF
DXUS.TO,Dynamic Actv US Eqty ETF
DXV.TO,Dyn Ishares Act Inv Grd Flot Rt ETF
DXW.TO,Dynamic Active Intl Dividend ETF
DXZ.TO,Dynamic Ishares Acitve US Mid Cap ETF
DYA.TO,Dynacert Inc
E.TO,Enterprise Group Inc
EAGR.TO,East Side Games Group
EARN.TO,Evolve Active Global Fixed Income ETF
EBIT.TO,Bitcoin ETF
EBIT.U.TO,Bitcoin ETF USD
EBNK.TO,Evolve European Banks Enhanced Yield ETF
EBNK.B.TO,Evolve European Banks Enhanced Yield ETF
EBNK.U.TO,Evolve European Banks Enhanced Yield ETF
ECN.TO,Ecn Capital Corp
ECN.DB.TO,Ecn Capital Corp 6.0 Pct Debs
ECN.DB.A.TO,Ecn Capital Corp 6 Pct  Debs A
ECN.DB.B.TO,Ecn Capital Corp 6.25 Pct Debs
ECN.PR.C.TO,Ecn Capital Corp Pref Ser C
ECO.TO,Ecosynthetix Inc
ECOR.TO,Anglo Pacific Group Plc
EDGE.TO,Evolve Innovation Index ETF
EDGE.U.TO,Evolve Innovation Index Fund Uhg ETF USD
EDGF.TO,Brompton European Div Growth ETF
EDR.TO,Endeavour Silver Corp
EDT.TO,Spectral Medical Inc
EDV.TO,Endeavour Mining Corp
EFN.TO,Element Fleet Management Corp
EFN.PR.C.TO,Element Fleet Mgmt Corp Pref Ser C
EFN.PR.E.TO,Element Fleet Mgmt Corp Pref Ser E
EFR.TO,Energy Fuels Inc
EFX.TO,Enerflex Ltd
EGIF.TO,Exemplar Growth and Income Fund ETF
EGLX.TO,Enthusiast Gaming Holdings Inc
EHE.TO,CI Wisdomtree Europe Hedged Equity Index ETF
EIF.TO,Exchange Income Corp
EIF.DB.J.TO,Exchange Income Corp 5.35 Pct Debs
EIF.DB.K.TO,Exchange Income Corp 5.75 Pct Debs
EIF.DB.L.TO,Exchange Income Corp 5.25 Pct Debs
EIF.DB.M.TO,Exchange Income Corp 5.25 Pct Debs
EIT.PR.A.TO,Canoe Eit Income Fund Pref Ser 1
EIT.PR.B.TO,Canoe Eit Income Fund Pref Ser 2
EIT.UN.TO,Canoe Eit Income Fund Units
ELD.TO,Eldorado Gold
ELEF.TO,Silver Elephant Mining Corp
ELF.TO,E-L Financial
ELF.PR.F.TO,E-L Financial Corp Ltd Pr Ser. 1
ELF.PR.G.TO,E- L Financial Corp Ltd
ELF.PR.H.TO,E - L Financial Corp Ltd Pref Ser 3
ELO.TO,Eloro Resources Ltd
ELR.TO,Eastern Platinum Ltd
ELVA.TO,Electrovaya Inc
EMA.TO,Emera Incorporated
EMA.PR.A.TO,Emera Inc Series A Pref
EMA.PR.B.TO,Emera Inc Pref Sh Series B
EMA.PR.C.TO,Emera Inc Pref Sh Series C
EMA.PR.E.TO,Emera Inc Pref Ser E
EMA.PR.F.TO,Emera Inc Series F Pref
EMA.PR.H.TO,Emera Inc Pref Series H
EMA.PR.J.TO,Emera Inc
EMA.PR.L.TO,Emera Inc.
EMAX.TO,Hamilton Energy Yield Maximizer ETF
EMP.A.TO,Empire Company Ltd
EMV.B.TO,CI Wisdomtree Emerging Mkts Div Idx ETF
ENB.TO,Enbridge Inc
ENB.PF.A.TO,Enbridge Inc Pref Ser 9
ENB.PF.C.TO,Enbridge Inc Pref Ser 11
ENB.PF.E.TO,Enbridge Inc Pref Ser 13
ENB.PF.G.TO,Enbridge Inc Pref Ser 15
ENB.PF.K.TO,Enbridge Inc Pref Series 19
ENB.PF.U.TO,Enbridge Inc Pref Ser L
ENB.PF.V.TO,Enbridge Inc Pref Ser 5 USD
ENB.PR.A.TO,Enbridge Pr
ENB.PR.B.TO,Enbridge Inc Cum Redeem Pref Ser B
ENB.PR.D.TO,Enbridge Inc Pref Ser D
ENB.PR.F.TO,Enbridge Inc Pref Ser F
ENB.PR.G.TO,Enbridge Inc Pref Series G
ENB.PR.H.TO,Enbridge Inc Pref Ser H
ENB.PR.I.TO,Enbridge Inc Preference Shares Series I
ENB.PR.J.TO,Enbridge Inc Pref Ser 7
ENB.PR.N.TO,Enbridge Inc Pref Ser N
ENB.PR.P.TO,Enbridge Inc Pref Ser P
ENB.PR.T.TO,Enbridge Inc Pref Ser R
ENB.PR.V.TO,Enbridge Inc Pref Ser 1
ENB.PR.Y.TO,Enbridge Inc Cum Red Pref Ser 3
ENCC.TO,Horizons CDN Oil Gas Eqty Cvrd Call ETF
ENCL.TO,Horizons Enh CDN Oil Gas Eqty Cvcl ETF
ENGH.TO,Enghouse Systems Ltd
ENI.UN.TO,Energy Income Fund
ENS.TO,E Split Corp
ENS.PR.A.TO,E Split Corp Pref Shares
EPRX.TO,Eupraxia Pharmaceuticals Inc
EPRX.WT.TO,Eupraxia Pharmaceuticals Inc WT
EPRX.WT.A.TO,Eupraxia Pharmaceuticals Inc. WT
EQB.TO,EQB Inc
EQB.PR.C.TO,Equitable Group Inc Pref Ser 3
EQCL.TO,Horizons Enhanced All-Equity Asset Allocation CO
EQL.TO,Invesco S&P 500 Eql Weight Idx ETF
EQL.F.TO,Invesco S&P 500 Eql Weight Idx ETF Hgd
EQL.U.TO,Invesco S&P 500 Eql Weight Idx ETF USD
EQX.TO,Equinox Gold Corp
ERD.TO,Erdene Resource Development Corp
ERE.UN.TO,European Residential Real Estate Invs. Trust
ERF.TO,Enerplus Corp
ERO.TO,Ero Copper Corp
ESG.TO,Invesco S&P 500 ESG Index ETF
ESG.F.TO,Invesco S&P 500 ESG Index ETF Hedged
ESGA.TO,BMO MSCI Canada ESG Leaders Index ETF
ESGB.TO,BMO ESG Corporate Bond Index ETF
ESGC.TO,Invesco SP TSX Composite ESG Index ETF
ESGE.TO,BMO MSCI EAFE ESG Leaders Index ETF
ESGF.TO,BMO ESG US Corp Bnd Hdgd To CAD Idx ETF
ESGG.TO,BMO MSCI Global ESG Leaders Index ETF
ESGH.TO,BMO ESG High Yld US Corp Bond Index ETF
ESGY.TO,BMO MSCI USA ESG Leaders Index ETF
ESGY.F.TO,BMO MSCI USA ESG Leaders Index ETF
ESI.TO,Ensign Energy Services Inc
ESM.TO,Euro Sun Mining Inc
ESP.TO,Brompton Energy Split Corp. Class A Shares
ESP.PR.A.TO,Brompton Energy Split Corp Preferred
ESPX.TO,Evolve SP 500 Enhanced Yield Fund
ESPX.B.TO,Evolve SP 500 Enhanced Yield Fund Uh
ESPX.U.TO,Evolve SP 500 Enhanced Yield Fund USD
ET.TO,Evertz Technologies Ltd
ETC.TO,Evolve Cryptocurrencies ETF
ETC.U.TO,Evolve Cryptocurrencies ETF USD
ETG.TO,Entree Resources Ltd
ETHH.TO,Purpose Ether CAD ETF
ETHH.B.TO,Purpose Ether Non-Cur Hedg ETF
ETHH.U.TO,Purpose Ether ETF USD
ETHI.TO,Horizons Global Sustain Leaders Idx ETF
ETHQ.TO,3iQ Coinshares Ether ETF
ETHQ.U.TO,3iQ Coinshares Ether ETF USD
ETHR.TO,Ether Unhedg ETF
ETHR.U.TO,Ether ETF USD
ETHX.B.TO,CI Galaxy Ethereum ETF
ETHX.U.TO,CI Galaxy Ethereum ETF USD
ETHY.TO,Purpose Ether Yield ETF
ETHY.B.TO,Purpose Ether Yield ETF
ETHY.U.TO,Purpose Ether Yield ETF USD
ETP.TO,First Trust Global Risk Managed Inc ETF
ETSX.TO,Evolve SP Tsx60 Enhanced Yield Fund
EVO.TO,Evovest Global Equity ETF
EVT.TO,Economic Investment
EXE.TO,Extendicare Inc
EXE.DB.C.TO,Extendicare Inc 5 Pct Debs
EXN.TO,Excellon Resources Inc
EXRO.TO,Exro Technologies Inc
EXRO.WT.TO,Exro Technologies Inc
FANS.TO,Fansunite Entertainment Inc
FAP.TO,Aberdeen Asia-Pacific Income Invest Ltd
FAR.TO,Foraco International Sa
FBGO.TO,Franklin Brandywine Glbl Sust Act ETF
FBT.TO,First Trust NYSE Arca Biotechnology ETF
FBTC.TO,Fidelity Advantage Bitcoin ETF
FBTC.U.TO,Fidelity Advantage Bitcoin ETF USD
FC.TO,Firm Capital Mortgage Inv. Corp
FC.DB.H.TO,Firm Capital Mortgage 5.30 Pct Debs
FC.DB.I.TO,Firm Capital Mtg Inv Corp 5.40 Pct Debs
FC.DB.J.TO,Firm Capital Mtg Inv Corp 5.5 Pct Debs
FC.DB.K.TO,Firm Capital Mrtg Invest Corp 5 Pct Debs
FC.DB.L.TO,Firm Capital Mrtg Invest Corp 5 Pct Debs
FCCB.TO,Fidelity Systematic CDN Bond Index ETF
FCCD.TO,Fidelity CDN High Div Index ETF
FCCL.TO,Fidelity Canadian Low Vol Index ETF
FCCM.TO,Fidelity Canadian Momentum Index ETF
FCCQ.TO,Fidelity Canadian High Quality Index ETF
FCCV.TO,Fidelity Canadian Value Index ETF
FCD.UN.TO,Firm Capital Property Trust
FCGB.TO,Fidelity Global Core Plus Bond ETF
FCGB.U.TO,Fidelity Global Core Plus Bond ETF USD
FCGI.TO,Fidelity Global Monthly High Income ETF
FCID.TO,Fidelity Intl High Dividend Index ETF
FCIG.TO,Fidelity Global Investment Grade Bnd ETF
FCIG.U.TO,Fidelity Global Investmnt Gr Bnd ETF USD
FCII.TO,Franklin Clearbridge Sust Glbl Act ETF
FCIL.TO,Fidelity Intl Low Vol Index ETF
FCIM.TO,Fidelity International Momentum Idx ETF
FCIQ.TO,Fidelity Intl High Quality Index ETF
FCIQ.U.TO,Fidelity Intl High Quality Index ETF USD
FCIV.TO,Fidelity International Value Index ETF
FCMH.TO,Fidelity US Momentum Cur Neut Index ETF
FCMI.TO,Fidelity CDN Monthly High Income ETF
FCMO.TO,Fidelity US Momentum Index ETF
FCQH.TO,Fidelity US High Qlty Cur Ntrl Index ETF
FCR.UN.TO,First Capital REIT Units
FCRH.TO,Fidelity US Div Rising Rates Cur Neu Idx
FCRR.TO,Fidelity US Div For Rising Rates Idx ETF
FCSB.TO,Fidelity Canadian Short Term Corp Bd ETF
FCSI.TO,Franklin Clearbridge Sust Intl Act ETF
FCU.TO,Fission Uranium Corp
FCUD.TO,Fidelity US High Div Index ETF
FCUD.U.TO,Fidelity US High Div Index ETF USD
FCUH.TO,Fidelity US High Div Cur Neu Idx ETF
FCUL.TO,Fidelity US Low Vol Index ETF
FCUL.U.TO,Fidelity US Low Vol Index ETF USD
FCUQ.TO,Fidelity US High Quality Index ETF
FCUQ.U.TO,Fidelity US High Quality Index ETF USD
FCUV.TO,Fidelity US Value Index ETF
FCUV.U.TO,Fidelity US Value Index ETF USD
FCVH.TO,Fidelity US Value Currency Neut Idx ETF
FDGE.TO,Farmers Edge Inc
FDL.TO,First Trust Morningstar Div Ldrs ETF Hgd
FDN.TO,First Trust Dow Jones Internet ETF
FDN.F.TO,First Trust Dow Jones Internet ETF Hgd
FDY.TO,Faraday Copper Corp
FEBB.F.TO,First Trust CBOE Vest US Eqty ETF Feb
FEC.TO,Frontera Energy Corp
FEME.TO,Forstrong Emerging Markets Equity ETF
FETH.TO,Fidelity Advantage Ether ETF
FETH.U.TO,Fidelity Advantage Ether ETF
FF.TO,First Mining Gold Corp
FFH.TO,Fairfax Financial Holdings Ltd
FFH.PR.C.TO,Fairfax Fncl Holdings Ltd Pref Ser C
FFH.PR.D.TO,Fairfax Fncl Holdings Ltd Pref Ser D
FFH.PR.E.TO,Fairfax Financial Hldngs Pref Ser E
FFH.PR.F.TO,Fairfax Financial Holdings Pref Ser F
FFH.PR.G.TO,Fairfax Financial Hldngs Pref Ser G
FFH.PR.H.TO,Fairfax Fncl Holdings Ltd Pref Ser H
FFH.PR.I.TO,Fairfax Financial Holdings Series I Pref
FFH.PR.J.TO,Fairfax Fncl Holdings Ltd Pref Ser J
FFH.PR.K.TO,Fairfax Financial Holdings Pref Ser K
FFH.PR.M.TO,Fairfax Financial Holdings Pref Ser M
FFN.TO,North American Financial 15 Split Corp
FFN.PR.A.TO,North American Fin 15 Split Corp Pref
FGAA.U.TO,Fg Acquisition Corp
FGAA.WT.U.TO,Fg Acquisition Corp. Warrants
FGB.TO,CI Short Term Govt Bond Class ETF
FGGE.TO,Franklin Global Growth Active ETF
FGO.TO,CI Enhanced Govt Bond ETF
FGO.U.TO,CI Enhanced Govt Bond ETF USD
FHG.TO,First Trust US Industrials ETF
FHG.F.TO,First Trust Ad US Industrials ETF
FHH.TO,First Trust US Health Care ETF
FHH.F.TO,First Trust Ad US Health Care ETF
FHI.TO,CI Hlth Care Giant Cov Call ETF
FHI.B.TO,CI Hlth Care Giants Cov Call ETF
FHI.U.TO,CI Health Care Giants Covered Call ETF
FHIS.TO,Franklin Bissett Ultra Shrt Bnd Actv ETF
FHQ.TO,First Trust US Technology ETF
FHQ.F.TO,First Trust Ad US Technology ETF
FIE.TO,Ishares CDN Fin Mthly Income ETF
FIG.TO,CI Investment Grade Bond ETF
FIG.U.TO,CI Investment Grade Bond ETF USD
FIH.U.TO,Fairfax India Holdings Corp USD
FIL.TO,Filo Mining Corp
FINE.TO,Forstrong Glbl Ex North America Eqty ETF
FINO.TO,Franklin Innovation Active ETF
FINT.TO,First Trust Intl Capital Strength ETF
FLCI.TO,Franklin Liberty CDN Invest Grd Corp ETF
FLCP.TO,Franklin Liberty Core Plus Bond ETF
FLDM.TO,Franklin Libertyqt Intl Eqt Index ETF
FLGA.TO,Franklin Liberty Global Agg Bond ETF
FLGD.TO,Franklin Libertyqt Glb Dividend Idx ETF
FLI.TO,CI US Cda Lifeco Covered Call ETF
FLNT.TO,Flint Corp
FLOW.TO,Flow Beverage Corp
FLSD.TO,Franklin Liberty Short Duration Bond ETF
FLUS.TO,Franklin Libertyqt US Eqt Index ETF
FLX.TO,Purpose Glbl Flexible Credit Fnd ETF
FLX.B.TO,Purpose Glbl Flexible Credit Fnd ETF NH
FLX.U.TO,Purpose Glbl Flexible Credit Fnd ETF USD
FM.TO,First Quantum Minerals Ltd
FMAX.TO,Hamilton US Financials Yld Maximizer ETF
FN.TO,First National Financial Corp
FN.PR.A.TO,First National Financial Corp Pref A
FN.PR.B.TO,First National Financial Corp Pref B
FNV.TO,Franco-Nevada Corp
FOM.TO,Foran Mining Corp
FOOD.TO,Goodfood Market Corp
FOOD.DB.TO,Goodfood Market Corp 5.75 Pct Debs
FOOD.DB.A.TO,Goodfood Market Corp. 5.75%
FORA.TO,Verticalscope Holdings Inc
FOUR.TO,Horizons Industry 4.0 Index ETF
FPR.TO,CI Preferred Share ETF
FQC.TO,CI MSCI Can Quality Index Class ETF
FR.TO,First Majestic Silver Corp Common
FRU.TO,Freehold Royalties Ltd
FRX.TO,Fennec Pharmaceuticals Inc
FSB.TO,CI Enhanced Sh Dur Bond Fund
FSB.U.TO,CI Enhanced Sh Dur Bond Fund USD
FSF.TO,CI Global Financial Sector ETF
FSL.TO,First Trust Senior Loan ETF
FST.TO,First Trust CDN Capital Strength ETF
FSV.TO,Firstservice Corp
FSY.TO,Forsys Metals Corp
FSZ.TO,Fiera Capital Corp
FSZ.DB.B.TO,Fiera Capital Corporation 8.25 Pct Debs
FT.TO,Fortune Mnrl J
FTG.TO,Firan Technology Group Corp
FTN.TO,Financial 15 Split Corp
FTN.PR.A.TO,Financial 15 Split Corp
FTS.TO,Fortis Inc
FTS.PR.F.TO,Fortis Inc Pref Shares Series F
FTS.PR.G.TO,Fortis Inc First Pref Ser G
FTS.PR.H.TO,Fortis Inc Pref Ser H
FTS.PR.I.TO,Fortis Inc Pref Ser I
FTS.PR.J.TO,Fortis Inc Pref Ser J
FTS.PR.K.TO,Fortis Inc Pref Ser K
FTS.PR.M.TO,Fortis Inc Pref Ser M
FTT.TO,Finning Intl
FTU.TO,US Financial 15 Split Corp
FTU.PR.B.TO,US Finl 15 Split 2012 Pref Sh
FUD.TO,First Trust Alphadex US Div ETF CAD Hdg
FURY.TO,Fury Gold Mines Ltd
FVI.TO,Fortuna Silver Mines Inc
FVI.DB.U.TO,Fortuna Silver Mines Inc 4.65 Pct Debs
FVL.TO,Freegold Ventures Ltd
FWCP.TO,Franklin Western Asset Core Bnd Actv ETF
FXM.TO,CI Morningstar Cda Value Idx ETF
G.TO,Augusta Gold Corp
GATO.TO,Gatos Silver Inc
GAU.TO,Galiano Gold Inc
GBAL.TO,Ishares ESG Balanced ETF
GBT.TO,Bmtc Group Inc
GCBD.TO,Guardian Canadian Bond ETF
GCFE.TO,Guardian Canadian Focused Equity Fund
GCG.TO,Guardian Capital
GCG.A.TO,Guardian Capital Group Ltd Cl A NV
GCL.TO,Colabor Group Inc
GCNS.TO,Ishares ESG Conservative Balanced ETF
GCSC.TO,Guardian Canadian Sector Controlled Equi
GCTB.TO,Guardian Ultra-Short Canadian T-Bill Fund
GDC.TO,Genesis Land J
GDEP.TO,Guardian Directed Equity Path ETF
GDEP.B.TO,Guardian Directed Equity Path ETF Unhdg
GDI.TO,Gdi Integrated Facility Services Inc
GDL.TO,Goodfellow Inc
GDPY.TO,Guardian Directed Premium Yield ETF
GDPY.B.TO,Guardian Directed Premium Yield ETF Uh
GDV.TO,Global Dividend Growth Split Corp
GDV.PR.A.TO,Global Dividend Growth Split Corp Pref A
GEC.TO,Global Education Communities Corp
GEI.TO,Gibson Energy Inc
GENM.TO,Generation Mining Ltd
GEO.TO,Geodrill Ltd
GEQT.TO,Ishares ESG Equity ETF
GFL.TO,Gfl Environmental Inc
GFP.TO,Greenfirst Forest Products Inc
GFR.TO,Greenfire Resources Ltd.
GGD.TO,Gogold Resources Inc
GGEM.TO,Guardian Fundmntl Emrgng Mkts Equity ETF
GGRO.TO,Ishares ESG Growth ETF
GH.TO,Gamehost Inc
GIB.A.TO,CGI Group Inc Cl A Sv
GIES.TO,Guardian International Equity Select Fund
GIL.TO,Gildan Activewear Inc
GIQG.TO,Guardian I3 Global Quality Growth ETF
GIQG.B.TO,Guardian I3 Global Quality Growth ETF
GIQU.TO,Guardian I3 US Quality Growth Hedg ETF
GIQU.B.TO,Guardian I3 US Quality Growth Unhedg ETF
GIVX.TO,Givex Information Technology Group Ltd
GLCC.TO,Horizons Gold Prod Eqty Cvrd Call ETF
GLG.TO,Glg Life Tech Corp
GLO.TO,Global Atomic Corp
GLXY.TO,Galaxy Digital Holdings Ltd
GMIN.TO,G Mining Ventures Corp
GMTN.TO,Gold Mountain Mining Corp
GMX.TO,Globex Mining Enterprises Inc
GOLD.TO,Goldmining Inc
GOOS.TO,Canada Goose Holdings Inc
GPMD.TO,Guardpath Managed Decumulation 2042 ETF
GRA.TO,Nanoxplore Inc
GRC.TO,Gold Springs Resource Corp
GRCC.TO,Horizons Growth Asset Allocation Covered Call Et
GRID.TO,Tantalus Systems Holding Inc
GRN.TO,Greenlane Renewables Inc
GRNI.TO,BMO Brookfield Gbl Rnwbls Infra Fund ETF
GRT.UN.TO,Granite Real Estate Investment Trust
GSY.TO,Goeasy Ltd
GTE.TO,Gran Tierra Energy Inc
GUD.TO,Knight Therapeutics Inc
GURU.TO,Guru Organic Energy Corp
GUTB.U.TO,Guardian Ultra-Short U.S. T-Bill Fund
GVC.TO,Glacier Media Inc
GWO.TO,Great-West Lifeco Inc
GWO.PR.G.TO,Great-West Lifeco Inc Pr. G
GWO.PR.H.TO,Great-West Lifeco Inc 4.85 % Pr.Ser H
GWO.PR.I.TO,Great-West Lifeco Inc Prf Series I
GWO.PR.L.TO,Great-West Lifeco Inc Pref Ser L
GWO.PR.M.TO,Great West Lifeco Pref Ser M
GWO.PR.N.TO,Great West Lifeco Inc Pref Srs N
GWO.PR.P.TO,Great West Lifeco Inc 5.4 Pct Pref Sh
GWO.PR.Q.TO,Great West Lifeco Pref Ser Q
GWO.PR.R.TO,Great West Lifeco Inc Ser R
GWO.PR.S.TO,Great West Lifeco Pref Ser S
GWO.PR.T.TO,Great West Lifeco Pref Ser T
GWO.PR.Y.TO,Great-West Lifeco Inc.
GXE.TO,Gear Energy Ltd
H.TO,Hydro One Ltd
HAB.TO,Horizons Active Corporate Bond ETF
HAC.TO,Horizons Seasonal Rotation ETF
HAD.TO,Horizons Active CDN Bond ETF
HAF.TO,Horizons Active Global Fixed Income ETF
HAI.TO,Haivision Systems Inc
HAL.TO,Horizons Active CDN Dividend ETF
HARB.TO,Horizons Tactical Absolute Rtrn Bnd ETF
HARB.U.TO,Horizons Tctl Absolute Rtrn Bnd ETF USD
HARC.TO,Horizons Abs Return Global Currency ETF
HAZ.TO,Horizons Active Global Dividend ETF
HBA.TO,Hamilton Australian Banks Equal-Weight ETF
HBAL.TO,Horizons Balanced Tri ETF
HBB.TO,Horizons CDN Select Universe Bond ETF
HBD.TO,Betapro Gold Bullion 2X Daily Bear ETF
HBF.TO,Harvest Brand Leaders Plus Income ETF
HBF.B.TO,Harvest Brand Leaders Plus Inc ETF Unh
HBF.U.TO,Harvest Brand Leaders Plus Income ETF USD
HBFE.TO,Harvest Brand Leaders Enh Income ETF
HBGD.TO,Horizons Big Data Hardware Idx ETF
HBGD.U.TO,Horizons Big Data Hardware Idx ETF USD
HBKD.TO,Betapro Eql Weight Cnd Bank 2X Bear ETF
HBKU.TO,Betapro Eql Weight Cnd Bank 2X Bull ETF
HBLK.TO,Blockchain Technologies ETF
HBM.TO,Hudbay Minerals Inc
HBND.TO,Hamilton U.S. Bond Yield Maximizer ETF
HBNK.TO,Horizons Equal Weight Banks Index ETF
HBP.TO,Helix Biopharm
HBU.TO,Betapro Gold Bullion 2X Daily Bull ETF
HBUG.TO,Horizons Gx Cybersecurity Index ETF Clas
HCA.TO,Hamilton Canadian Bank Mean Reversion ETF
HCAL.TO,Hamilton Canadian Bank ETF
HCLN.TO,Harvest Clean Energy ETF
HCON.TO,Horizons Conservative Tri ETF
HCRE.TO,Horizons Eql Wght Can REIT Index ETF
HDGE.TO,Accelerate Absolute Return Hdg Fund ETF
HDIF.TO,Harvest Diversified Monthly Income ETF
HDIV.TO,Hamilton Enhanced Multi-Sector Covered Call ETF
HEB.TO,Hamilton CDN Bank Equal Weight Idx ETF
HED.TO,Betapro S&P TSX Cap Engy 2X Dly Bear ETF
HEQL.TO,Horizons Enhanced All-Equity Asset Allocation Et
HEQT.TO,Horizons All-Equity Asset Allocation ETF
HERO.TO,Evolve E Gaming Index ETF
HEU.TO,Betapro S&P TSX Cap Engy 2X Dly Bull ETF
HEWB.TO,Horizons Eql Wght Can Banks Index ETF
HFD.TO,Betapro S&P TSX Cap Fncl 2X Dly Bear ETF
HFG.TO,Hamilton Global Financials ETF
HFIN.TO,Hamilton Enhanced Canadian Financials Et
HFPC.U.TO,Helios Fairfax Partners Corp
HFR.TO,Horizons Active Floating Rate Bond ETF
HFU.TO,Betapro S&P TSX Cap Fncl 2X Dly Bull ETF
HGD.TO,Betapro CDN Gold Miners 2X Dly Bear ETF
HGGB.TO,Horizons SP Green Bond Index ETF
HGGG.TO,Harvest Global Gold Giants Index ETF
HGR.TO,Harvest Global REIT Leaders Income ETF
HGRW.TO,Horizons Growth Asset Allocation ETF
HGU.TO,Betapro CDN Gold Miners 2X Dly Bull ETF
HGY.TO,Horizons Gold Yield ETF
HHL.TO,Harvest Healthcare Leaders Income ETF
HHL.B.TO,Harvest Healthcare Leaders Inc ETF Unh
HHL.U.TO,Harvest Healthcare Leaders Income ETF USD
HHLE.TO,Harvest Healthcare Ldrs Enh Income ETF
HIG.TO,Brompton Global Healthcare Inc & Gth ETF
HISU.U.TO,US High Interest Savings Account Fnd ETF
HIU.TO,Betapro Sp500 Daily Inverse ETF
HIX.TO,Betapro S&P TSX 60 Daily Inverse ETF
HLF.TO,High Liner
HLFE.TO,Harvest Canadian Equity Enh Inc Ldrs ETF
HLIF.TO,Harvest Canadian Equity Income Leaders E
HLIT.TO,Horizons Global Lithium Producer Idx ETF
HLPR.TO,Horizons Laddered CDN Pref Index ETF
HLS.TO,Hls Therapeutics Inc
HMAX.TO,Hamilton CDN Financial Yld Maximizer ETF
HMM.A.TO,Hammond Manufacturing Co. Ltd Cl A. Sv
HMMJ.TO,Horizons Marijuana Life Sciences ETF
HMMJ.U.TO,Horizons Marijuana Life Sciences Idx USD
HMP.TO,Horizons Active CDN Municipal Bond ETF
HND.TO,Betapro Nat Gas 2X Daily Bear ETF
HNU.TO,Betapro Nat Gas 2X Daily Bull ETF
HOD.TO,Betapro Crude Oil 2X Daily Bear ETF
HOG.TO,Horizons CDN Midstream Oil Gas ETF
HOM.DB.U.TO,Bsr REIT 5.0 Pct Debs USD
HOM.U.TO,Bsr Real Estate Investment Trust
HOM.UN.TO,Bsr Real Estate Investment Trust
HOT.DB.V.TO,American Hotel Income Prp REIT 6 Pct Deb
HOT.U.TO,American Hotel Income Properties REIT US
HOT.UN.TO,American Hotel Income Properties REIT LP
HOU.TO,Betapro Crude Oil 2X Daily Bull ETF
HPF.TO,Harvest Energy Leaders Plus Income ETF
HPF.U.TO,Harvest Energy Leaders Plus Income ETF USD
HPR.TO,Horizons Active Pref Share ETF
HPS.A.TO,Hammond Power Solutions Inc Cl A. Sv
HPYM.TO,Harvest Premium Yield 7-10 Year Treasury ETF
HPYM.U.TO,Harvest Prem Yld 7 10 Yr Treasury US ETF
HPYT.TO,Harvest Premium Yield Treasury ETF
HPYT.U.TO,Harvest Prem Yield Treasury US ETF
HQD.TO,Betapro Nasdaq 100 2X Daily Bear ETF
HQD.U.TO,Betapro Nasdaq 100 2X Daily Bear ETF USD
HQU.TO,Betapro Nasdaq 100 2X Daily Bull ETF
HR.UN.TO,H&R Real Estate Inv Trust
HRAA.TO,Horizons Resolve Adptv Asset Alloc ETF
HRED.TO,Betapro Eql Wgt CDN REIT 2X Dly Bear ETF
HREU.TO,Betapro Eql Wgt CDN REIT 2X Dly Bull ETF
HRIF.TO,Harvest Diversified Equity Income ETF
HRX.TO,Heroux-Devtek
HSAV.TO,Horizons Cash Maximizer ETF
HSD.TO,Betapro Sp500 2X Daily Bear ETF
HSH.TO,Horizons Sp500 CAD Hedged Index ETF
HSL.TO,Horizons Active Float Rate Sen Loan ETF
HSU.TO,Betapro Sp500 2X Daily Bull ETF
HSUV.U.TO,Horizons USD Cash Maximizer ETF USD
HTA.TO,Harvest Tech Achievers Growth & Income ETF
HTA.B.TO,Harvest Tech Achievers Grwth Inc ETF Unh
HTA.U.TO,Harvest Tech Achievers Growth & Income ETF USD
HTAE.TO,Harvest Tech Achievers Enh Inc ETF
HTB.TO,Horizons US 7 To 10 Yr Treasury Bond ETF
HTB.U.TO,Horizons US 7 To 10 Yr Treas Bd ETF USD
HTL.TO,Hamilton Thorne Ltd
HUBL.TO,Harvest US Bank Leaders Income ETF
HUBL.U.TO,Harvest US Bank Leaders Income ETF USD
HUC.TO,Horizons Crude Oil ETF
HUF.TO,Horizons Active US Float Rate Bd ETF CAD
HUF.U.TO,Horizons Active US Floating Rate Bd ETF
HUG.TO,Horizons Gold ETF
HULC.TO,Horizons US Large Cap Index ETF
HULC.U.TO,Horizons US Large Cap Index ETF USD
HUM.TO,Hamilton U.S. Mid/Small-Cap Financials E
HUN.TO,Horizons Natural Gas ETF
HURA.TO,Horizons Global Uranium Index ETF
HUT.TO,Hut 8 Corp
HUTE.TO,Harvest Eql Weight Glb Util Enh Inc ETF
HUTL.TO,Harvest Eql Wght Glb Util Income ETF
HUTS.TO,Hamilton Enhanced Utilities ETF
HUV.TO,Betapro Sp500 VIX ST Ftrs ETF
HUZ.TO,Horizons Silver ETF
HWO.TO,High Arctic Energy Services Inc
HWX.TO,Headwater Exploration Inc
HXCN.TO,Horizons SP TSX Capped Comp Index ETF
HXD.TO,Betapro S&P TSX 60 2X Daily Bear ETF
HXDM.TO,Horizons Intl Dev Mkts Equity Index ETF
HXDM.U.TO,Horizons Intl Dev Mkts Eqty Idx USD ETF
HXE.TO,Horizons S&P TSX Capped Energy Index ETF
HXEM.TO,Horizons Emerging Mkts Equity Index ETF
HXF.TO,Horizons S&P TSX Capped Fncl Index ETF
HXH.TO,Horizons CDN High Dividend Index ETF
HXQ.TO,Horizons Nasdaq 100 Index ETF
HXQ.U.TO,Horizons Nasdaq 100 Index ETF USD
HXS.TO,Horizons S&P 500 Index ETF
HXS.U.TO,Horizons S&P 500 Index ETF USD
HXT.TO,Horizons S&P Tsx60 Index ETF
HXT.U.TO,Horizons S&P TSX 60 Index ETF USD
HXU.TO,Betapro S&P TSX 60 2X Daily Bull ETF
HXX.TO,Horizons Euro Stoxx 50 Index ETF
HYBR.TO,Horizons Active Hybrd Bond Prf Share ETF
HYDR.TO,Horizons Global Hydrogen Index ETF
HYI.TO,Horizons Active High Yield Bond ETF
HYLD.TO,Hamilton Enhanced U.S. Covered Call ETF
HYLD.U.TO,Hamilton Enhanced US Coverd Call ETF USD
HZD.TO,Betapro Silver 2X Daily Bear ETF
HZM.TO,Horizonte Minerals Plc
HZU.TO,Betapro Silver 2X Daily Bull ETF
IAF.PR.B.TO,Industrial Alliance Cl A Pref Ser B
IAG.TO,IA Financial Corp Inc
IAU.TO,I-80 Gold Corp
IBG.DB.E.TO,Ibi Group Inc 6.50% Listed Senior
ICAE.TO,Invesco TSX Canadian Dividend Aristocrats ESG IN
ICE.TO,Canlan ICE Sports Corp
ICPB.TO,IA Clarington Core Plus Bond Fund
ICTE.TO,Invesco SP TSX Comp ESG Tilt Index ETF
IDEF.B.TO,Manulife Smart Interntl Defensive Eq ETF
IDG.TO,Indigo Books & Music Inc
IDIV.B.TO,Manulife Smart International Div ETF
IE.TO,Ivanhoe Electric Inc
IFA.TO,Ifabric Corp
IFC.TO,Intact Financial Corp
IFC.PR.A.TO,Intact Financial Corp Pref Cl A
IFC.PR.C.TO,Intact Financial Corp Pref Cl A
IFC.PR.E.TO,Intact Financial Corp Pref Cl A Ser 5
IFC.PR.F.TO,Intact Financial Corp Pref Shares Ser 6
IFC.PR.G.TO,Intact Financial Corp Pref Shares Ser 7
IFC.PR.I.TO,Intact Financial Corp Pref Shares Ser 9
IFC.PR.K.TO,Intact Financial Corp
IFP.TO,Interfor Corp
IFRF.TO,IA Clarington Floating Rate Income ETF
IGAF.TO,IA Clarington Global Allocation Fund ETF
IGB.TO,Purpose Mngd Duration Invest Bond ETF
IGBT.UN.TO,2028 Investment Grade Bond Trust
IGCF.TO,Pimco Investment Grade Credit Fund
IGEO.TO,IA Clarington Loomis Global Equity Opportunities
IGM.TO,Igm Financial Inc
IGX.TO,Intelgenx Technologies Corp
IIAE.TO,Invesco S&P Intl Dvlp Aristocrats ESG ETF
IIAE.F.TO,Invesco SP Intl Div Aristocrt ESG HD ETF
IICE.TO,Invesco SP Intl Developed ESG ETF
IICE.F.TO,Invesco SP Intl Developed ESG Hdg ETF
III.TO,Imperial Metals Corp
IIMF.TO,Invesco Intl Dev Dyn Mf Idx ETF
IIMF.F.TO,Invesco International Developed Dynamic-Multifac
IIP.UN.TO,Interrent Real Estate Investment Trust
IITE.TO,Invesco SP Intl Develped ESG Tilt ETF
ILGB.TO,IA Clarington Loomis Global Multisector Bond Fun
ILLM.TO,Acuityads Holdings Inc
IMG.TO,Iamgold Corp
IMO.TO,Imperial Oil
IMP.TO,Intermap Tech Corp
INAI.TO,Invesco Morningstar Global Next Gen Ai Index ETF
INAI.F.TO,Invsco Mrnstr Glb Nxt Gen Ai Idx Heg ETF
INC.UN.TO,Income Fin Un
INE.TO,Innergex Renewable Energy Inc
INE.DB.B.TO,Innergex Renewable Energy 4.75 Pct Debs
INE.DB.C.TO,Innergex Renewable Energy 4.65 Pct Debs
INE.PR.A.TO,Innergex Renewable Energy Pref Ser A
INE.PR.C.TO,Innergex Renewable Energy Inc Pref Ser C
INO.UN.TO,Inovalis REIT
INOC.TO,Horizons Inovestor CDN Equity Index ETF
IPCO.TO,International Petroleum Corp
IPO.TO,Inplay Oil Corp
IQD.TO,CI Wisdomtree Intl Qlty Divd Growth Index ETF
IQD.B.TO,CI Wisdomtree Intl Qlty Divd Growth Index ETF
ISCB.TO,IA Clarington Strategic Corporate Bond Fund
ISIF.TO,IA Claringtion Strategic Income Fund ETF
ISV.TO,Information Services Corp
ITE.TO,I3 Energy Plc
ITH.TO,International Tower Hill Mines Ltd
IUAE.TO,Invesco SP US Div Aristocrt ESG ETF
IUCE.TO,Invesco SP US Total Mkt ESG Idx ETF
IUFR.U.TO,Invesco US TR FL Rate Note Idx US ETF
IUMF.TO,Invesco Russell 1000 Dyn Mf Idx ETF
IUMF.F.TO,Invesco Russell 1000 Dyn Mf Idx ETF Ch
IUTE.TO,Invesco SP US Total Mkt ESG Tilt ETF
IUTE.F.TO,Invesco SP US Total Mkt ESG Tilt Hdg ETF
IVN.TO,Ivanhoe Mines Ltd
IVQ.TO,Invesque Inc CAD
IVQ.DB.U.TO,Invesque Inc 5.00 Pct Debs
IVQ.DB.V.TO,Invesque Inc 6.00 Pct Debs USD
IVQ.U.TO,Invesque Inc
IWBE.TO,Invesco ESG Global Bond ETF
IWEB.TO,IA Wealth Enhanced Bond Pool
IXTE.TO,Invesco SP TSX 60 ESG Tilt Index ETF
JAG.TO,Jaguar Mining Inc
JAPN.TO,CI Wisdomtree Japan Equity Index ETF
JAPN.B.TO,CI Wisdomtree Japan Equity Index ETF
JFS.UN.TO,Jft Strategies Fund
JOY.TO,Journey Energy Inc
JWEL.TO,Jamieson Wellness Inc
K.TO,Kinross Gold Corp
KBL.TO,Kbro Linen Inc
KEC.TO,Kiwetinohk Energy Corp
KEG.UN.TO,Keg Royalties Income Fund
KEI.TO,Kolibri Global Energy Inc
KEL.TO,Kelt Exploration Ltd
KEY.TO,Keyera Corp
KILO.TO,Purp Gold Bullion Tu
KILO.B.TO,Purpose Gold Bullion Fund Non Hedged
KILO.U.TO,Purpose Gold Bullion Fund Non Hedged USD
KITS.TO,Kits Eyecare Ltd
KLS.TO,Kelso Technologies Inc
KMP.UN.TO,Killam Apartment REIT
KNT.TO,K92 Mining Inc
KPT.TO,Kp Tissue Inc
KRN.TO,Karnalyte Resources Inc
KRR.TO,Karora Resources Inc
KSI.TO,Kneat.com Inc
KXS.TO,Kinaxis Inc
L.TO,Loblaw CO
L.PR.B.TO,Loblaw Companies Ltd 2nd Pref Ser B
LAAC.TO,Lithium Americas Argentina Corp
LABS.TO,Medipharm Labs Corp
LAC.TO,Lithium Americas Corp
LAM.TO,Laramide Resources Ltd
LAS.A.TO,Lassonde Industries Inc Cl A Sv
LB.TO,Laurentian Bank
LB.PR.H.TO,Laurentian Bank of Cda Pr Ser 13
LBS.TO,Life & Banc Split Corp
LBS.PR.A.TO,Life & Banc Split Corp
LCFS.TO,Tidewater Renewables Ltd
LCS.TO,Brompton Lifeco Split Corp Class A
LCS.PR.A.TO,Brompton Lifeco Split Corp Pref Shares
LEAD.TO,Evolve Future Leadership ETF Hedged
LEAD.B.TO,Evolve Future Leadership ETF Unhedged
LEAD.U.TO,Evolve Future Leadership ETF Uh USD
LEV.TO,Lion Electric CO [The]
LEV.WT.TO,The Lion Electric Company WT
LEV.WT.A.TO,The Lion Electric Company Wts A
LFE.TO,Canadian Life Companies Split Corp
LFE.PR.B.TO,Canadian Life Split 2012 Pref Sh
LGD.TO,Liberty Gold Corp
LGO.TO,Largo Resources Ltd
LIF.TO,Labrador Iron Ore Royalty Corp
LIFE.TO,Evolve Global Healthcare Enhance Yld ETF
LIFE.B.TO,Evolve Global Healthcare Enhance Yld Unheg
LIFE.U.TO,Evolve Global Healthcare Yld Fund ETF USD
LIRC.TO,Lithium Royalty Corp WI
LMAX.TO,Hamilton Healthcare Yield Maximizer ETF
LN.TO,Loncor Gold Inc
LNF.TO,Leons Furniture
LNR.TO,Linamar Corp
LONG.TO,CI Global Longevity Economy Fund ETF
LPAY.TO,Horizons Long-Term U.S. Treasury Premium Yield E
LPAY.U.TO,Horizons Long-Term U.S. Treasury Premium Yield E
LPEN.TO,Loop Energy Inc
LSPD.TO,Lightspeed Commerce Inc.
LSPK.TO,Lifespeak Inc
LUC.TO,Lucara Diamond Corp
LUG.TO,Lundin Gold Inc
LUN.TO,Lundin Mining Corp
LYCT.TO,Lysander Canso Corp Treasury Activ ETF
LYFR.TO,Lysander-Canso Floating Rate Activetf
MAG.TO,MAG Silver Corp
MAL.TO,Magellan Aero
MARI.TO,Marimaca Copper Corp
MATR.TO,Mattr Corp
MAYB.F.TO,First Trust CBOE Vst US Eq Bf Hg ETF May
MBAL.TO,Mackenzie Balanced Allocation ETF
MBX.TO,Microbix J
MCAD.TO,Premium Cash Management Fund ETF
MCB.TO,Mccoy Global Inc
MCLC.TO,Manulife Mltfactor CDN Large Cap Uh ETF
MCON.TO,Mackenzie Conservative Allocation CAD ETF
MCSB.TO,Mackenzie CDN Short Term Fixed Inc ETF
MCSM.TO,Manulife Mulfact CDN Smid Cap Idx ETF
MDA.TO,Mda Ltd
MDF.TO,Mdf Commerce Inc
MDI.TO,Major Drilling Grp
MDIV.TO,Middlefield Sustainable Global Dividend
MDNA.TO,Medicenna Therapeutics Corp
MDP.TO,Medexus Pharmaceuticals Inc
MDS.UN.TO,Healthcare Special Opp Fund
MDVD.TO,Mackenzie Global Sustainable Div Idx ETF
MDVD.U.TO,Mackenzie Glb Sustainable Div Idx US ETF
MEE.TO,Mackenzie Max Diverse Emg Mkts ETF
MEG.TO,Meg Energy Corp
MEME.B.TO,Manulife Multifactor Emerg Mkts Idx ETF
MEQ.TO,Mainstreet Eq J
MEQT.TO,Mackenzie All Equity Allocation ETF
MESH.TO,Evolve Metaverse ETF
MEU.TO,Mackenzie Max Diversif Dev EUR ETF
MFC.TO,Manulife Fin
MFC.PR.B.TO,Manulife Financial Cl A Pref Ser 2
MFC.PR.C.TO,Manulife Financial Cl A Pref Ser 3
MFC.PR.F.TO,Manulife Financial Cl 1 Sh Ser 3
MFC.PR.I.TO,Manulife Financial Pref Ser 9
MFC.PR.J.TO,Manulife Financial Class 1 Ser 11
MFC.PR.K.TO,Manulife Financial Pref Ser 13
MFC.PR.L.TO,Manulife Financial Pref Ser 15
MFC.PR.M.TO,Manulife Financial Pref Ser 17
MFC.PR.N.TO,Manulife Financial Pref Ser 19
MFC.PR.P.TO,Manulife Financial Class 1 Sh Ser 4
MFC.PR.Q.TO,Manulife Financial Corp Pref Series 25
MFI.TO,Maple Leaf Foods
MFT.TO,Mackenzie Floating Rate Income ETF
MG.TO,Magna International Inc
MGA.TO,Mega Uranium Ltd
MGAB.TO,Mackenzie Global Fixed Income Alloc ETF
MGB.TO,Mackenzie Core Pls Glob Fixed Inc ETF
MGRW.TO,Mackenzie Growth Allocation ETF
MHC.U.TO,Flagship Communities Real Estate Investm
MHC.UN.TO,Flagship Communites REIT
MHCD.TO,Middlefield Healthcare Dividend ETF
MI.UN.TO,Minto Apartment REIT
MIC.PR.A.TO,Sagen MI Canada Inc
MID.UN.TO,Mint Income Fund
MIN.TO,Excelsior Mining Corp
MINF.TO,Middlefield Sustainable Infrastructure D
MINN.TO,Middlefield Innovation Dividend ETF
MINT.TO,Manulife Mltfactor Dev Intl Hgd ETF
MINT.B.TO,Manulife Mltfactor Dev Intl Uh ETF
MIVG.TO,Mackenzie Ivy Global Equity ETF
MKB.TO,Mackenzie Core Pls CDN Fixed Income ETF
MKC.TO,Mackenzie Max Dvrs Cda Index ETF
MKP.TO,Mcan Mortgage Corp
MKZ.UN.TO,Mackenzie Mstr Un
MMP.UN.TO,Precious Metals and Mining Trust
MND.TO,Mandalay Resources Corp
MNO.TO,Meridian Mining UK Societas
MNS.TO,Royal CDN Mint CDN Silver Reserves Etr
MNS.U.TO,Royal CDN Mint CDN Svr Reserves Etr USD
MNT.TO,Royal Canadian Mint CDN Gold Reserves
MNT.U.TO,Royal Canadian Mint CDN Gld Reserves USD
MNU.U.TO,Purpose USD Cash Management Fnd ETF USD
MNY.TO,Purpose Cash Management Fund ETF
MOGO.TO,Mogo Inc
MPAY.TO,Horizons Mid-Term U.S. Treasury Premium Yield Et
MPAY.U.TO,Horizons MD Trm US Treas Prm Yld ETF USD
MPC.TO,Madison Pac Cl B
MPC.C.TO,Madison Pacific Properties Inc Cl C NV
MPCF.TO,Mackenzie Portfolio Completion ETF
MPCT.DB.A.TO,Dream Impact Trust 5.75%
MPCT.UN.TO,Dream Impact Trust Units
MPVD.TO,Mountain Province Diamonds Inc
MPY.TO,Mulvihill Premium Yield Fund ETF
MR.DB.B.TO,Melcor REIT 5.1 Pct Debs
MR.UN.TO,Melcor REIT
MRC.TO,Morguard Corp
MRD.TO,Melcor Dev
MRE.TO,Martinrea International Inc
MREL.TO,Middlefield Real Estate Dividend ETF
MRG.DB.B.TO,Morguard Na REIT 6.00 Pct Debs
MRG.UN.TO,Morguard Na Residential REIT Units
MRT.DB.A.TO,Morguard REIT 5.25 Pct Debs
MRT.UN.TO,Morguard Un
MRU.TO,Metro Inc
MSA.TO,Mineros S.A.
MSCL.TO,Satellos Bioscience Inc
MSRE.UN.TO,Sustainable Real Estate Dividend Fund
MSV.TO,Minco Silver Corp
MTAV.TO,Horizons Global Metaverse Index ETF
MTL.TO,Mullen Group Ltd
MTL.DB.TO,Mullen Group Ltd 5.75 Pct Debs
MTY.TO,Mty Food Group Inc
MUB.TO,Mackenzie Unconstrained Bond ETF
MULC.TO,Manulife Mltfactor US Large Cap Hgd ETF
MULC.B.TO,Manulife Mltfactor US Large Cap Uh ETF
MUMC.TO,Manulife Mltfactor US Mid Cap Hgd ETF
MUMC.B.TO,Manulife Mltfactor US Mid Cap Uh ETF
MUS.TO,Mackenzie Max Dvrs US Index ETF
MUSA.TO,Middlefield U.S. Equity Dividend ETF
MUSC.TO,Manulife Multifactor U.S. Small Cap Index ETF
MUSC.B.TO,Manulife Mulfact US Scap Idx ETF Unheg
MUSD.U.TO,US Premium Cash Management Fund
MUX.TO,Mcewen Mining Inc
MVP.TO,Mediavalet Inc
MWD.TO,Mackenzie Max Diversif World Dev ETF
MWLV.TO,Mackenzie World Low Volatility ETF
MX.TO,Methanex Corp
MXG.TO,Maxim Power Corp
MXU.TO,Mackenzie Max Divers Wrld Dev Ex Na ETF
NA.TO,National Bank of Canada
NA.PR.C.TO,National Bank Pref Ser 38
NA.PR.E.TO,National Bank Pref Series 40
NA.PR.G.TO,National Bank Pref Series 42
NA.PR.S.TO,National Bank Pref Ser 30
NA.PR.W.TO,National Bank Pref Ser 32
NALT.TO,NBI Liquid Alternatives ETF
NANO.TO,Nano One Materials Corp
NB.TO,Niocorp Developments Ltd
NBLY.TO,Neighbourly Pharmacy Inc
NCF.TO,Northcliff Resources Ltd
NCP.TO,Nickel Creek Platinum Corp
NCU.TO,Nevada Copper Corp
NCU.WT.C.TO,Nevada Copper Corp Wts C
NDIV.TO,NBI Canadian Dividend Income ETF
NDM.TO,Northern Dynasty Minerals Ltd
NEO.TO,NEO Performance Materials Inc
NEXT.TO,Nextsource Materials Inc
NFAM.TO,NBI Canadian Family Business ETF
NFI.TO,Nfi Group Inc.
NFI.DB.TO,Nfi Group Inc 5 Pct Debs
NG.TO,Novagold Res Inc
NGD.TO,New Gold Inc
NGEX.TO,Ngex Minerals Ltd
NGPE.TO,NBI Global Private Equity ETF
NGT.TO,Newmont Corp
NHYB.TO,NBI High Yield Bond ETF
NINT.TO,NBI Active International Equity ETF
NOA.TO,North American Construction Group Ltd
NOA.DB.A.TO,Na Construction Grp Ltd 500% Conv. Unsec. Sub DE
NOA.DB.B.TO,North American Construc Grp 5.5 Pct Debs
NOVB.F.TO,FT CBOE Vest US Eqty Buffer November ETF
NOVC.TO,Nova Cannabis Inc
NPI.TO,Northland Power Inc
NPI.PR.A.TO,Northland Power Pref Equity Inc
NPI.PR.B.TO,Northland Power Inc Pref Ser 2
NPK.TO,Verde Agritech Plc
NPRF.TO,NBI Active Canadian Preferred Sh ETF
NPS.TO,Northern Power Systems Corp
NPS.PR.A.TO,Canadian Lrg Cap Ldr Split Corp Pref Ser
NREA.TO,NBI Global Real Assets Income ETF
NRR.UN.TO,Northview Residential REIT
NSCB.TO,NBI Sustainable Canadian Bond ETF
NSCC.TO,NBI Sustainable CDN Corporate Bond ETF
NSCE.TO,NBI Sustainable Canadian Equity ETF
NSGE.TO,NBI Sustainable Global Equity ETF
NSSB.TO,NBI Sustainable CDN Short Term Bond ETF
NTR.TO,Nutrien Ltd
NUAG.TO,New Pacific Metals Corp
NUBF.TO,NBI Unconstrained Fixed Income ETF
NUMI.TO,Numinus Wellness Inc
NUSA.TO,NBI Active US Equity ETF
NVA.TO,Nuvista Energy Ltd
NVEI.TO,Nuvei Corp
NVO.TO,Novo Resources Corp
NWC.TO,The North West Company Inc
NWH.DB.G.TO,Northwest Healthcare Prop REIT 5.50 Debs
NWH.DB.H.TO,Northwest Hc Prop REIT 6.25 Pct Dbs
NWH.DB.I.TO,Northwest Hc Prop REIT 7.75 Pct Dbs
NWH.UN.TO,Northwest Healthcare Prop REIT
NXE.TO,Nexgen Energy Ltd
NXF.TO,CI Energy Giants Cov Call ETF
NXF.B.TO,CI Energy Giants ETF Unhedged
NXF.U.TO,CI Energy Giants Covered Call ETF
NXR.UN.TO,Nexus Real Estate Investment Trust
NXTG.TO,First Trust Indxx Nextg ETF
OBE.TO,Obsidian Energy Ltd
OGC.TO,Oceanagold Corp
OGD.TO,Orbit Garant Drilling Inc
OGI.TO,Organigram Holdings Inc
OLA.TO,Orla Mining Ltd
OLY.TO,Olympia Financial Group Inc
ONC.TO,Oncolytics Bio
ONEB.TO,CI One North American Core Plus Bond ETF
ONEC.TO,Accelerate Onechoice Altnv Portfolio ETF
ONEQ.TO,CI One Global Equity ETF
ONEX.TO,Onex Corp
OPT.TO,Optiva Inc
OR.TO,Osisko Gold Royalties Ltd
ORA.TO,Aura Minerals Inc
ORE.TO,Orezone Gold Corp
ORV.TO,Orvana Minerals J
OSK.TO,Osisko Mining Inc
OTEX.TO,Open Text Corp
OVV.TO,Ovintiv Inc
PAAS.TO,Pan American Silver Corp
PABF.TO,Purpose Actv Balanced Fund ETF
PACF.TO,Purpose Actv Conservative Fund ETF
PAGF.TO,Purpose Actv Growth Fund ETF
PAY.TO,Payfare Inc
PAYF.TO,Purpose Enhanced Premium Yield Fund ETF
PBD.TO,Purpose Total Return Bond Fund ETF
PBH.TO,Premium Brands Holdings Corp
PBH.DB.G.TO,Premium Brands Holdings 4.65 Pct Debs
PBH.DB.H.TO,Premium Brands Holdings 4.20 Pct Debs
PBH.DB.I.TO,Premium Brands Hldngs Corp 5.40 Pct Debs
PBI.TO,Purpose Best Ideas Fund ETF
PBI.B.TO,Purpose Best Ideas Fund Non Hdg
PBL.TO,Pollard Banknote Ltd
PBY.UN.TO,Canso Credit Income Fund Units
PCON.TO,Pimco Managed Conservative Bond Pool ETF
PCOR.TO,Pimco Managed Core Bond Pool ETF
PD.TO,Precision Drilling Corp
PDC.TO,Invesco CDN Div Idx ETF
PDF.TO,Purpose Core Dividend Fund ETF
PDIV.TO,Purpose Enhanced Dividend Fund ETF
PDV.TO,Prime Dividend Corp Cl A
PDV.PR.A.TO,Prime Dividend Corp Pref
PEA.TO,Pieridae Energy Ltd
PET.TO,Pet Valu Holdings Ltd
PEY.TO,Peyto Exploration and Dvlpmnt Corp
PFAA.TO,Picton Mahoney Fortified Alpha Alt ETF
PFAE.TO,Picton Mahoney Fort Act Ext Alt Fund ETF
PFH.F.TO,Invesco HY Corp Bond Index ETF
PFIA.TO,Picton Mahoney Fort Income Alt Fund ETF
PFL.TO,Powershares 1 To 3 Yr Lad Float Rate ETF
PFLS.TO,Picton Mahoney Frt Lng Shrt Alt Fund ETF
PFMN.TO,Picton Mahoney Fort Mkt Neutral Fund ETF
PFMS.TO,Picton Mahoney Multi Strat Alt Fund ETF
PFSS.TO,Picton Mahoney Fort Special Sit Alt Fund
PGI.UN.TO,Pimco Global Inc Opportunities Fund
PHE.TO,Purpose Tactical Hedged Equity Fund ETF
PHE.B.TO,Purpose Tactical Hedged Equity Fund ETF
PHR.TO,Purpose Duration Hedged Real Estate ETF
PHX.TO,Phx Energy Services Corp
PHYS.TO,Sprott Physical Gold Trust CAD
PHYS.U.TO,Sprott Physical Gold Trust USD
PIC.A.TO,Premium Income A
PIC.PR.A.TO,Premium Income Pr
PID.TO,Purpose Intl Dividend Fund ETF
PIF.TO,Polaris Infrastructure Inc
PIN.TO,Purpose Monthly Income Fund ETF
PINC.TO,Purpose Multi Asset Income Fund
PINV.TO,Purpose Global Innovators Fund
PIX.UN.TO,Pimco Multi Sector Income Fund
PKI.TO,Parkland Fuel Corp
PLC.TO,Park Lawn Corp
PLC.DB.TO,Park Lawn Corp 5.75 Pct Debs
PLDI.TO,Pimco Low Duration Monthly Inc ETF
PLV.TO,Invesco Low Vol Portfolio ETF
PLZ.UN.TO,Plaza Retail REIT
PMB.UN.TO,Picton Mahoney Tactical Income Fund
PME.TO,Sentry Select Primary Metals Corp
PMET.TO,Patriot Battery Metals Inc
PMIF.TO,Pimco Monthly Income Fund
PMIF.U.TO,Pimco Monthly Income Fund
PMM.TO,Purpose Multi Strategy Mkt Neutral Fund
PMNT.TO,Pimco Global Short Maturity Fund ETF
PMT.TO,Perpetual Energy Inc
PMZ.UN.TO,Primaris REIT
PNC.A.TO,Postmedia Network Canada Corp Cl A
PNC.B.TO,Postmedia Network Canada Corp Cl B
PNE.TO,Pine Cliff Energy Ltd
PNP.TO,Pinetree Capital Ltd
POU.TO,Paramount Resources Ltd
POW.TO,Power Corp of Canada Sv
POW.PR.A.TO,Power Corp A Pr
POW.PR.B.TO,Power Corp Pref Shares Series B
POW.PR.C.TO,Power Corp of Canada 5.80%
POW.PR.D.TO,Power Corp Non-Cum 1st Pfd Shs Ser D
POW.PR.G.TO,Power Corp of Canada 5.60 Pct Pref Ser G
PPL.TO,Pembina Pipeline Corp
PPL.PF.A.TO,Pembina Pipeline Corp Pref Ser 21
PPL.PF.B.TO,Pembina Pipeline Corp Pref Ser 22
PPL.PF.E.TO,Pembina Pipeline Corp Pref Series 25
PPL.PR.A.TO,Pembina Pipeline Corp Pref Class A
PPL.PR.C.TO,Pembina Pipeline Corp Pref Ser 3
PPL.PR.E.TO,Pembina Pipeline Corp Pref Ser 5
PPL.PR.G.TO,Pembina Pipeline Corp Pref Ser 7
PPL.PR.I.TO,Pembina Pipeline Corp Pref Ser 9
PPL.PR.O.TO,Pembina Pipeline Corp Pref Series 15
PPL.PR.Q.TO,Pembina Pipeline Corp Pref Series 17
PPL.PR.S.TO,Pembina Pipeline Corp Pref Series 19
PPL.R.TO,Pembina Pipeline Corporation Sub Rct
PPR.TO,Prairie Provident Resources Inc
PPTA.TO,Perpetua Resources Corp
PR.TO,Lysander Slater Pref Share Activ ETF
PRA.TO,Purpose Diversified Real Asset Fund ETF
PRB.TO,Probe Gold Inc
PRL.TO,Propel Holdings Inc
PRM.TO,Big Pharma Split Corp
PRM.PR.A.TO,Big Pharma Split Corp Pref Shares
PRMW.TO,Primo Water Corp
PRN.TO,Profound Medical Corp
PRP.TO,Purpose Conservative Income Fund
PRQ.TO,Petrus Resources Ltd
PRU.TO,Perseus Mining Ltd
PRV.DB.TO,Pro Real Estate Investment TR 8 Pct Debs
PRV.UN.TO,Pro Real Estate Investment Trust
PRYM.TO,Prime Mining Corp
PSA.TO,Purpose High Interest Savings ETF
PSB.TO,Invesco 1 To 5 Yrladder Inv Grd Bd ETF
PSD.TO,Pulse Seismic Inc
PSI.TO,Pason Systems Inc
PSK.TO,Prairiesky Royalty Ltd
PSLV.TO,Sprott Physical Silver Trust CAD
PSLV.U.TO,Sprott Physical Silver Trust USD
PSU.U.TO,Purpose US Cash ETF
PTI.UN.TO,Pimco Tactical Income Fund
PTM.TO,Platinum Group Metals Ltd
PTO.UN.TO,Pimco Tactical Income Opportunites Fund
PVS.PR.F.TO,Partners Value Split Corp Pref Ser 8
PVS.PR.G.TO,Partners Value Split Corp
PVS.PR.H.TO,Partners Value Split Corp Pref Ser 10
PVS.PR.I.TO,Partners Value Split Corp Pref Series 11
PVS.PR.J.TO,Partners Value Split Corp
PVS.PR.K.TO,Partners Value Split Corp Pref Ser 13
PWF.PF.A.TO,Power Financial Corporation
PWF.PR.A.TO,Power Fin Ser A Pr
PWF.PR.E.TO,Power Fin Ser D Pr
PWF.PR.F.TO,Power Financial Corp Pref Ser E
PWF.PR.G.TO,Power Financial Corp 5.90% Pr Series F
PWF.PR.H.TO,Power Financial Corp 5.75% Pr Series H
PWF.PR.K.TO,Power Fin Corp 4.95% Ser K
PWF.PR.L.TO,Power Financial Corp Series L Pfd
PWF.PR.O.TO,Power Financial Corp 5.80 Pref Ser O
PWF.PR.P.TO,Pwr Fnl Corp 4.40 Non Cumul Pref Ser P
PWF.PR.Q.TO,Power Fin Corp 4.40 Pct Pref Ser Q
PWF.PR.R.TO,Power Financial Corp 5.5 Pct Pref Ser R
PWF.PR.S.TO,Power Financial Corp Pref Ser S
PWF.PR.T.TO,Power Financial Corp 4.20 Pct Pref Ser T
PWF.PR.Z.TO,Power Financial Corp 5.15 Pct Pref Ser V
PWI.TO,Sustainable Power Infra Split Corp Cl A
PWI.PR.A.TO,Sustainable Power Infra Split Corp Pr A
PXC.TO,Invesco FTSE RAFI CAD Idx ETF
PXS.TO,Pwrshr FTSE RAFI US Fdamntl ETF II
PXT.TO,Parex Resources Inc
PXU.F.TO,Invesco FTSE RAFI US Idx ETF
PYF.TO,Purpose Premium Yield Fund ETF
PYF.B.TO,Purpose Premium Yield Fund Non Hdg ETF
PYF.U.TO,Purpose Premium Yield Fund NH USD ETF
PYR.TO,Pyrogenesis Canada Inc
PZA.TO,Pizza Pizza Royalty Corp
PZW.TO,Pwrshr FTSE RAFI Glb Sml Mid Fdamntl ETF
PZW.F.TO,Invesco FTSE RAFI Glb Small Mid Hedge
PZW.U.TO,Invesco FTSE RAFI Glb Small Mid USD
QAH.TO,Mackenzie US Large Cap Eqty Idx CAD Hgd
QASH.TO,Mackenzie CDN Ultra Short Bond Index ETF
QBB.TO,Mackenzie CDN Aggregate Bond Index ETF
QBR.A.TO,Quebecor Inc Cl A Mv
QBR.B.TO,Quebecor Inc Cl B Sv
QBTC.TO,The Bitcoin Fund CAD
QBTC.U.TO,The Bitcoin Fund
QBTL.TO,Agfiq US Mkt Neut Antibeta CAD Hdg ETF
QCD.TO,Quantshrs Enh Core CDN Equity ETF
QCE.TO,Mackenzie CDN Large Cap Equity Index ETF
QCLN.TO,First Trust Nsdq Cln Edg Green Enrgy ETF
QCN.TO,Mackenzie Canadian Equity Index ETF
QDX.TO,Mackenzie International Equity Index ETF
QDXB.TO,Mackenzie Dev Ex Na Agg Bond Idx Hgd ETF
QDXH.TO,Mackenzie Intl Equity Index ETF CAD Hgd
QEBH.TO,Mackenzie Emerging Mkts Bond Index ETF
QEBL.TO,Mackenzie Emerging Mkts Local Cur Bd ETF
QEC.TO,Questerre Energy Corp
QEE.TO,Mackenzie Emerging Mkts Equity Index ETF
QEM.TO,Quantshrs Enh Core Emg Mkt Eqt ETF
QETH.U.TO,Ether Fund [The]
QETH.UN.TO,The Ether Fund
QHY.TO,Mackenzie US High Yld Bnd Idx CAD Hgd
QIE.TO,Quantshrs Enh Core Intl Equity ETF
QINF.TO,Mackenzie Global Infrastructure Indx ETF
QIPT.TO,Quipt Home Medical Corp
QLB.TO,Mackenzie CDN Govt Long Bond Index ETF
QMAX.TO,Hamilton Technology Yield Maximizer ETF
QQC.TO,Invesco Nasdaq 100 Index ETF
QQC.F.TO,Invesco QQQ Index ETF
QQCC.TO,Horizons Nasdaq 100 Cvrd Call ETF
QQCE.TO,Invesco ESG Nasdaq 100 Idx ETF
QQCE.F.TO,Invesco ESG Nasdaq 100 Idx ETF Hdg
QQCL.TO,Horizons Enhncd Nasdaq 100 Cvrd Call ETF
QQEQ.TO,Invesco Nasdaq 100 Equal Weight Indx ETF
QQEQ.F.TO,Invesco Nasdaq 100 Eql Weight Idx HD ETF
QQJE.TO,Invesco ESG Nas Next Gen 100 Idx ETF
QQJR.TO,Invesco Nasdaq Next Gen 100 Index ETF
QQQT.TO,Evolve Nasdaq Tech Index Fnd Hedgd ETF
QQQT.B.TO,Evolve Nasdaq Tech Index Fnd Unhegd ETF
QQQT.U.TO,Evolve Nasdaq Technology Index Fund
QQQY.TO,Evolve Nasdaq Tech Enh Yld Indx Fund ETF
QRC.TO,Queens Road Capital Investment Ltd
QRET.TO,Mackenzie Dev Mkts Real Estate Index ETF
QSB.TO,Mackenzie CDN Short Term Bond Index ETF
QSP.UN.TO,Restaurant Brands Intl Ltd Partnership
QSR.TO,Restaurant Brands International Inc
QTLT.TO,Mackenzie US Govt Long Bond Index ETF
QTRH.TO,Quarterhill Inc
QTRH.DB.TO,Quarterhill Inc 6 Pct Debs
QUB.TO,Mackenzie US Aggregate Bond Indx Hgd ETF
QUIG.TO,Mackenzie US Inv Grd Corp Bd Idx CAD Hgd
QUS.TO,Quantshrs Enh Core US Equity ETF
QUU.TO,Mackenzie US Large Cap Equity Index ETF
QUU.U.TO,Mackenzie US Large Cap Eqty Indx USD ETF
QXM.TO,CI Morningstar Nb Quebec ETF
RA.UN.TO,Middlefield Global Real Asset Fund
RATE.TO,Arrow Ec Income Advantage Alt Fund ETF
RAV.UN.TO,Ravensource Fund
RAY.A.TO,Stingray Digital Group Inc Sv
RAY.B.TO,Stingray Digital Group Inc Variable Sv
RBA.TO,Rb Global Inc
RBN.UN.TO,Blue Ribbon Income Fund
RBNK.TO,RBC CDN Bank Yield Index ETF
RBO.TO,RBC 1 To 5 Yr Laddered Corp Bond ETF
RBOT.TO,Horizons Robotics Automation Idx ETF
RBOT.U.TO,Horizons Robotics and Automa Idx ETF USD
RBY.TO,Rubellite Energy Inc
RCD.TO,RBC Quant CDN Dividend Leaders ETF
RCDC.TO,RBC Canadian Dividend Covered Call ETF
RCG.TO,RF Capital Group Inc
RCG.PR.B.TO,RF Capital Group Inc Pref B
RCH.TO,Richelieu Hardware Ltd
RCI.A.TO,Rogers Communications Inc Cl A Mv
RCI.B.TO,Rogers Communications Inc Cl B NV
RDBH.TO,RBC US Discount Bond CAD Hedged ETF
REAL.TO,Real Matters Inc
REI.UN.TO,Riocan Real Est Un
RGQL.TO,RBC Target 2024 Government Bond ETF
RGQN.TO,RBC Target 2025 Government Bond ETF
RGQO.TO,RBC Target 2026 Government Bond ETF
RGQP.TO,RBC Target 2027 Government Bond ETF
RGQQ.TO,RBC Target 2028 Government Bond ETF
RGQR.TO,RBC Target 2029 Government Bond ETF
RIB.UN.TO,Ridgewood CAD Invest Grade Bond Fund
RID.TO,RBC Quant EAFE Div Leaders ETF
RID.U.TO,RBC Quant EAFE Div Leaders USD ETF
RIDH.TO,RBC Quant EAFE Div Leaders ETF
RIFI.TO,Russell Invt Fixed Income Pool ETF
RIIN.TO,Russell Invt Global Infr Pool ETF
RIRA.TO,Russell Invt Real Assets ETF
RIT.TO,CI Canadian REIT ETF
RLB.TO,RBC 1 To 5 Year Laddered Can Bond ETF
ROOT.TO,Roots Corp
RPD.TO,RBC Quant European Div Leaders ETF
RPD.U.TO,RBC Quant European Div Leaders ETF USD
RPDH.TO,RBC Quant European Div Leaders ETF
RPF.TO,RBC Canadian Pref Share ETF
RPI.UN.TO,Richards Packaging Income Fund
RPSB.TO,RBC Phn Short Term CDN Bond ETF
RQL.TO,RBC Target 2024 Corp Bond Index ETF
RQN.TO,RBC Target 2025 Corp Bond Index ETF
RQO.TO,RBC Target 2026 Corporate Bond Index ETF
RQP.TO,RBC Target 2027 Corporate Bond Index ETF
RQQ.TO,RBC Target 2028 Corporate Bond Index ETF
RQR.TO,RBC Target 2029 Corporate Bond Index ETF
RS.TO,Real Estate Split Corp
RS.PR.A.TO,Real Estate Split Corp Pfd A
RSI.TO,Rogers Sugar Inc
RSI.DB.E.TO,Rogers Sugar Inc 5Pct Debs
RSI.DB.F.TO,Rogers Sugar Inc 4.75 Pct Debs
RTG.TO,Rtg Mining Inc
RUBH.TO,RBC US Banks Yield CAD Hgd Index ETF
RUBY.TO,RBC US Banks Yield Index ETF CAD
RUBY.U.TO,RBC US Banks Yield Index ETF USD
RUD.TO,RBC Quant US Div Leaders ETF
RUD.U.TO,RBC Quant US Div Leaders USD ETF
RUDB.TO,RBC US Discount Bond ETF
RUDB.U.TO,RBC US Discount Bond ETF USD
RUDC.TO,RBC U.S. Dividend Covered Call ETF
RUDC.U.TO,RBC US Dividend Covered Call ETF USD
RUDH.TO,RBC Quant US Div Leaders ETF
RUP.TO,Rupert Resources Ltd
RUS.TO,Russel Metals
RUSB.TO,RBC Short Term US Corp Bond ETF
RUSB.U.TO,RBC Short Term US Corp Bond USD
RVX.TO,Resverlogix Corp
RXD.TO,RBC Quant Emrg Mkts Div Leaders ETF
RXD.U.TO,RBC Quant Emerging Markets Dividend Leaders ETF
RY.TO,Royal Bank of Canada
RY.PR.H.TO,Royal Bank Pref Ser Bb
RY.PR.J.TO,Royal Bank Pref Ser Bd
RY.PR.M.TO,Royal Bank Pref Ser Bf
RY.PR.N.TO,Royal Bank Pref Ser Bh
RY.PR.O.TO,Royal Bank Pref Ser Bi
RY.PR.S.TO,RBC Pref Shares Series Bo
RY.PR.Z.TO,RBC First Pref Sh Series AZ
S.TO,Sherritt Intl Rv
SAM.TO,Starcore International Mines Ltd
SAP.TO,Saputo Inc
SAU.TO,ST Augustine Gold and Copper Ltd
SBC.TO,Brompton Split Banc Corp Cl A
SBC.PR.A.TO,Brompton Split Banc Corp Pref
SBI.TO,Serabi Gold Plc
SBN.TO,S Split Corp Cl A
SBT.TO,Purpose Silver Bullion ETF
SBT.B.TO,Silver Bullion Trust CAD ETF Non Cur
SBT.U.TO,Silver Bullion Trust USD ETF Non Cur
SCR.TO,Strathcona Resources Ltd.
SCY.TO,Scandium International Mining Corp
SDE.TO,Spartan Delta Corp
SEA.TO,Seabridge Gold Inc
SEC.TO,Senvest Capital
SES.TO,Secure Energy Services Inc
SFC.TO,Sagicor Financial Company Ltd
SFD.TO,Nxt Energy Solutions Inc
SFI.TO,Solution Financial Inc
SFTC.TO,Softchoice Corp
SGLD.TO,Sabre Gold Mines Corp
SGNL.TO,Signal Gold Inc
SGR.U.TO,Slate Grocery REIT USD
SGR.UN.TO,Slate Grocery REIT
SGY.TO,Surge Energy Inc
SGY.DB.B.TO,Surge Energy Inc. 8.50%
SHLE.TO,Source Energy Services Ltd
SHOP.TO,Shopify Inc
SIA.TO,Sienna Senior Living Inc
SID.TO,CI US Trendleaders Idx ETF
SIH.UN.TO,Sustainable Innovation & Health Dividend
SII.TO,Sprott Inc
SIL.TO,Silvercrest Metals Inc
SIS.TO,Savaria Corp
SJ.TO,Stella Jones Inc
SKE.TO,Skeena Resources Ltd
SKYY.TO,First Trust Cloud Computing ETF
SLF.TO,Sun Life Financial Inc
SLF.PR.C.TO,Sun Life Pref Ser 3
SLF.PR.D.TO,Sun Life Pref Ser 4
SLF.PR.E.TO,Sun Life Pref Ser 5
SLF.PR.G.TO,Sun Life Pref Ser 8R
SLF.PR.H.TO,Sun Life Pref Ser H
SLF.PR.J.TO,Sun Life Pref Ser 9Qr
SLF.PR.K.TO,Sun Life Pref Ser 11Qr
SLR.TO,Solitario Zinc Corp
SLS.TO,Solaris Resources Inc
SMAX.TO,Hamilton U.S. Equity Yield Maximizer ETF
SMC.TO,Sulliden Mining Capital Inc
SMT.TO,Sierra Metals Inc
SOIL.TO,Saturn Oil and Gas Inc
SOIL.WT.A.TO,Saturn Oil & Gas Inc.
SOLG.TO,Solgold Plc
SOT.DB.TO,Slate Office REIT 5.25 Pct Debs
SOT.DB.A.TO,Slate Office REIT 5.5 Pct Debs
SOT.DB.B.TO,Slate Office REIT 7.50 Pct Debs
SOT.UN.TO,Slate Office REIT
SOY.TO,Sunopta Inc
SPAY.TO,Horizons Short-Term U.S. Treasury Premium Yield
SPAY.U.TO,Horizons ST US Treas Prem Yld ETF USD
SPB.TO,Superior Plus Corp
SPLT.TO,Brompton Split Corp Preferred Share ETF
SPPP.TO,Sprott Physical Platinum Palladium CAD
SPPP.U.TO,Sprott Physical Platinum Palladium USD
SRU.UN.TO,Smartcentres Real Estate Investment Trust
SRV.UN.TO,Sir Royalty Income Fund
SSF.UN.TO,Symphony Floating Rate Sr Loan Fd
SSL.TO,Sandstorm Gold Ltd
SSRM.TO,Ssr Mining Inc
STC.TO,Sangoma Technologies Corp
STCK.TO,Stack Capital Group Inc
STCK.WT.TO,Stack Capital Group Inc WT
STEP.TO,Step Energy Services Ltd
STGO.TO,Steppe Gold Ltd
STLC.TO,Stelco Holdings Inc
STLR.TO,Stllr Gold Inc
STN.TO,Stantec Inc
STPL.TO,BMO Glb Consumer Staples Hgd To CAD ETF
SU.TO,Suncor Energy Inc
SVA.TO,Sernova Corp
SVB.TO,Silver Bull Resources Inc
SVI.TO,Storagevault Canada Inc
SVI.DB.TO,Storagevault Canada Inc 5.75 Pct Debs
SVI.DB.B.TO,Storagevault Canada Inc 5.50 Pct Debs
SVI.DB.C.TO,Storagevault Canada Inc 5 Pct Debs
SVM.TO,Silvercorp Metals Inc
SVR.TO,Ishares Silver Bullion ETF Hdg
SVR.C.TO,Ishares Silver Bullion ETF Non Hdg
SWP.TO,Swiss Water Decaffeinated Coffee Inc
SXI.TO,Synex Intl J
SXP.TO,Supremex Inc
SYLD.TO,Purpose Strategic Yield Fund
SYZ.TO,Sylogist Ltd
SZLS.TO,Stagezero Life Sciences Ltd
T.TO,Telus Corp
TA.TO,Transalta Corp
TA.PR.D.TO,Transalta Corp Prfd Series A
TA.PR.E.TO,Transalta Corp Pref Ser B
TA.PR.F.TO,Transalta Corp Pref Ser C
TA.PR.G.TO,Transalta Corporation Pref Ser D
TA.PR.H.TO,Transalta Corp Pref Sh Series E
TA.PR.J.TO,Transalta Corp Pref Ser G
TAIG.TO,Taiga Motors Corp
TAIG.WT.TO,Taiga Motors Corp WT
TAL.TO,Petrotal Corp
TBAL.TO,TD Balanced Portfolio ETF
TBIL.TO,Harvest Canadian T Bill ETF
TBL.TO,Taiga Building Products Ltd
TBNK.TO,TD Canadian Bank Dividend Index ETF
TC.TO,Tucows Inc
TCBN.TO,TD Global Carbon Credit Index ETF
TCL.A.TO,Transcontinental Inc Cl A Sv
TCL.B.TO,Transcontinental Inc Cl B Mv
TCLB.TO,TD Canadian Long Term Fed Bond ETF
TCLV.TO,TD Q Canadian Low Volatility ETF
TCN.TO,Tricon Capital Group Inc
TCON.TO,TD Conservative Portfolio ETF
TCS.TO,Tecsys Inc J
TCSB.TO,TD Select Short Term Corporate Bond Ladd
TCSH.TO,TD Cash Management ETF
TCW.TO,Trican Well
TD.TO,Toronto-Dominion Bank
TD.PF.A.TO,TD Bank Pref Ser 1
TD.PF.B.TO,TD Bank Pref Ser 3
TD.PF.C.TO,TD Bank Pref Ser 5
TD.PF.D.TO,TD Bank Pref Ser 7
TD.PF.E.TO,TD Bank Pref Ser 9
TD.PF.I.TO,TD Bank Pref Ser 16
TD.PF.J.TO,TD Bank Pref Series 18
TD.PF.L.TO,TD Bank Pref Series 22
TD.PF.M.TO,TD Bank Pref Series 24
TDB.TO,TD CDN Aggregate Bond Index ETF
TDOC.TO,TD Global Healthcare Leaders Index ETF
TDOC.U.TO,TD Global Healthcare Leaders Idx ETF USD
TEC.TO,TD Global Technology Leaders Index ETF
TEC.U.TO,TD Global Technology Leaders Idx ETF USD
TECH.TO,Evolve Fangma Index ETF [Cad Hedged Unit
TECH.B.TO,Evolve Fangma Index ETF [Cad Unhedged Un
TECH.U.TO,Evolve Fangma Index Uh ETF USD
TECI.TO,TD Global Technology Innovators Indx ETF
TECK.A.TO,Teck Resources Ltd Cl A
TECK.B.TO,Teck Resources Ltd Cl B
TECX.TO,TD Global Tech Leaders CAD Hdg Idx ETF
TERM.TO,Manulife Smart Short-Term Bond ETF
TF.TO,Timbercreek Financial Corp
TF.DB.C.TO,Timbercreek Financial Corp 5.30 Pct Debs
TF.DB.D.TO,Timbercreek Financial Corp 5.25 Pct Debs
TF.DB.E.TO,Timbercreek Financial Corp 5.00 Pct Debs
TFII.TO,Tfi International Inc
TFPM.TO,Triple Flag Precious Metals Corp
TGAF.TO,Tralucent Global Alt [Long/Short] Equity Fund
TGED.TO,TD Active Global Enhanced Dividend ETF
TGED.U.TO,TD Active Global Enhanced Div ETF USD
TGFI.TO,TD Active Global Income ETF
TGGR.TO,TD Active Global Equity Growth ETF
TGO.TO,Terago Inc
TGRE.TO,TD Active Global Real Estate Equity ETF
TGRO.TO,TD Growth Portfolio ETF
TH.TO,Theratechnologies
The.TO,TD Intl Equity CAD Hedge Index ETF
THNC.TO,Thinkific Labs Inc
THU.TO,TD S&P 500 CAD Hedge Index ETF
TI.TO,Titan Mining Corp
TIH.TO,Toromont Ind
TILV.TO,TD Systematic Intl Equity Low Vol ETF
TINF.TO,TD Active Global Infrastructure Eqty ETF
TIPS.TO,BMO US TIPS Index ETF
TIPS.F.TO,BMO US TIPS Index ETF Hdg
TIXT.TO,Telus International [Cda] Inc
TKN.TO,Ninepoint Web3 Innovators Fund
TKN.U.TO,Ninepoint Web3 Innovators Fund
TKO.TO,Taseko Mines Ltd
TLF.TO,Brompton Tech Leaders Income ETF
TLF.U.TO,Brompton Tech Leaders Income ETF USD
TLG.TO,Troilus Gold Corp
TLO.TO,Talon Metals Corp
TLRY.TO,Tilray Inc
TLV.TO,Invesco SP TSX Low Vol Idx ETF
TMCC.TO,TD Morningstar ESG Can Corp Bnd Indx ETF
TMD.TO,Titan Medical Inc
TMEC.TO,TD Morningstar ESG Cda Eqty Idx ETF
TMEI.TO,TD Morningstar ESG Intl Eqty Idx ETF
TMEU.TO,TD Morningstar ESG US Equity Index ETF
TML.TO,Treasury Metals Inc
TMQ.TO,Trilogy Metals Inc
TMUC.TO,TD Morningstar ESG US Corp Bnd Index ETF
TNT.UN.TO,True North Commercial REIT
TNZ.TO,Tenaz Energy Corp
TOT.TO,Total Energy Services Inc
TOU.TO,Tourmaline Oil Corp
TOWR.TO,BMO Brookfield Gbl Real Est Tech Fnd ETF
TOY.TO,Spin Master Corp
TPAY.TO,TD Income Builder ETF
TPE.TO,TD International Equity Index ETF
TPRF.TO,TD Active Preferred Share ETF
TPU.TO,TD S&P 500 Index ETF
TPU.U.TO,TD U.S. Equity Index Et
TPX.A.TO,Molson Coors Canada Inc Cl A Lv
TPX.B.TO,Molson Coors Canada Inc Cl B NV
TPZ.TO,Topaz Energy Corp
TQCD.TO,TD Q Canadian Dividend ETF
TQGD.TO,TD Q Global Dividend ETF
TQGM.TO,TD Q Global Multifactor ETF
TQSM.TO,TD Q US Small Mid Cap Eqty ETF
TRI.TO,Thomson Reuters Corp
TRI.PR.B.TO,Thomson Reuters Corp Prf Srs 2
TRP.TO,TC Energy Corp
TRP.PR.A.TO,Transcanada Corp Pref Ser 1
TRP.PR.B.TO,Transcanada Corp Pref Ser 3
TRP.PR.C.TO,Transcanada Corp Pref Ser 5
TRP.PR.D.TO,Transcanada Corp Pref Ser 7
TRP.PR.E.TO,Transcanada Corp Pref Ser 9
TRP.PR.F.TO,Transcanada Corp Pref Ser 2
TRP.PR.G.TO,Transcanada Corp Pref Ser 11
TRP.PR.H.TO,Transcanada Corp Pref Ser 4
TRP.PR.I.TO,Transcanada Corp Pref Ser 6
TRVI.TO,Harvest Travel and Leisure Income ETF
TRVL.TO,Harvest Travel and Leisure Index ETF
TRVL.U.TO,Harvest Travel and Leisure ETF USD
TRX.TO,Trx Gold Corporation
TRZ.TO,Transat At Inc
TSAT.TO,Telesat Corp
TSK.TO,Talisker Resources Ltd
TSL.TO,Tree Island Steel Ltd
TSND.TO,Terrascend Corp
TSU.TO,Trisura Group Ltd
TTNM.TO,Titanium Transportation Group Inc
TTP.TO,TD S&P TSX Capped Comp Index ETF
TUED.TO,TD Active US Enhanced Dividend ETF
TUED.U.TO,TD Active US Enhanced Dividend ETF USD
TUEX.TO,TD Active US Enhanced Div CAD Hdg ETF
TUHY.TO,TD Active US High Yield Bond ETF
TULB.TO,TD US Long Term Treasury Bond ETF
TULV.TO,TD Q US Low Volatility ETF
TUSB.TO,TD Select U.S. Short Term Corporate Bond
TUSB.U.TO,TD Select US Short Term Corp Bnd ETF USD
TVA.B.TO,Tva Group Inc Cl B NV
TVE.TO,Tamarack Valley Energy Ltd
TVK.TO,Terravest Capital Inc
TWC.TO,Twc Enterprises Ltd
TWM.TO,Tidewater Midstream and Infras Ltd
TWM.DB.TO,Tidewater Midstream Infras 5.5 Pct Debs
TWM.WT.TO,Tidewater Midstream and Infrastructure WT
TXF.TO,CI Tech Giants Covered Call ETF
TXF.B.TO,CI Tech Giants Cov Call Unheg
TXF.U.TO,CI Tech Giants Covered Call ETF USD
TXG.TO,Torex Gold Resources Inc
TXP.TO,Touchstone Exploration Inc
TXT.PR.A.TO,Top 10 Split Trust Pref A
TXT.UN.TO,Top 10 Split Trust
U.U.TO,Sprott Physical Uranium Trust USD
U.UN.TO,Sprott Physical Uranium Trust
UBIL.U.TO,Horizons 0 To 3 Month US T Bill ETF USD
UCSH.U.TO,Horizons USD High Interest Saving US ETF
UDA.TO,Caldwell US Dividend Advantage Fund ETF
UDIV.TO,Manulife Smart U.S. Dividend ETF [Hedged
UDIV.B.TO,Manulife Smart U.S. Dividend ETF Unhedged Units
UDIV.U.TO,Manulife Smart US Dividend ETF USD
ULV.C.TO,Powershares Sp500 Low Volatility ETF
ULV.F.TO,Invesco S&P 500 Low Volatility ETF
ULV.U.TO,Invesco S&P 500 Low Volatility ETF USD
UMAX.TO,Hamilton Utilities Yield Maximizer ETF
UMI.TO,CI Wisdomtree US Midcap Div Idx Hgd ETF
UMI.B.TO,Wisdomtree US Midcap Div Idx Unheg ETF
UMNY.U.TO,CI US Money Market ETF USD
UNC.TO,United Corp Ltd
UNI.TO,Unisync Corp Class B
URB.TO,Urbana Corp
URB.A.TO,Urbana Corp A NV
URC.TO,Uranium Royalty Corp
URC.WT.TO,Uranium Royalty Corp WT
URE.TO,Ur-Energy Inc
USA.TO,Americas Silver Corp
USCC.TO,Horizons US Lrg Cap Eqty Cvrd Call ETF
USCC.U.TO,Horizons US Lrg Cap Eqty Cvrd Call ETF [Usd]
USCL.TO,Horizons Enhnc US Lg Cap Eqt Cvcl ETF
UTIL.TO,Horizons CDN Util Svs High Div Idx ETF
VA.TO,Vanguard FTSE Dev Asia Pac All Cap ETF
VAB.TO,Vanguard CDN Aggregate Bond Index ETF
VALT.TO,CI Gold Bullion Fund ETF Hg CAD
VALT.B.TO,CI Gold Bullion Fund ETF
VALT.U.TO,CI Gold Bullion Fund ETF USD
VBAL.TO,Vanguard Balanced ETF Portfolio
VBNK.TO,Versabank
VBNK.PR.A.TO,Versabank
VCB.TO,Vanguard CDN Corporate Bond Index ETF
VCE.TO,Vanguard FTSE Canada Index ETF
VCIP.TO,Vanguard Conservative Income ETF
VCM.TO,Vecima Networks Inc
VCN.TO,Vanguard FTSE Canada All Cap ETF
VCNS.TO,Vanguard Conservative ETF Portfolio
VDU.TO,Vanguard FTSE Developed AC Ex US ETF
VDY.TO,Vanguard FTSE CDN High Div Yld Index ETF
VE.TO,Vanguard FTSE Dev Europe All Cap ETF
VEE.TO,Vanguard FTSE Emerging Mkts All Cap ETF
VEF.TO,Vanguard FTSE Dev AC Ex US ETF CAD Hdg
VEQT.TO,Vanguard All Equity ETF Portfolio
VET.TO,Vermilion Energy Inc
VFV.TO,Vanguard S&P 500 Index ETF
VGCX.TO,Victoria Gold Corp
VGG.TO,Vanguard US Div Appr ETF
VGH.TO,Vanguard US Div Appr ETF CAD Hdg
VGRO.TO,Vanguard Growth ETF Portfolio
VGV.TO,Vanguard CDN Government Bond Index ETF
VGZ.TO,Vista Gold Corp
VHI.TO,Vitalhub Corp
VI.TO,Vanguard FTSE Dev All Cap Na ETF
VIDY.TO,Vanguard FTSE Dev Ex Na High Div Yld ETF
VIU.TO,Vanguard FTSE Dev All Cap Na ETF
VLB.TO,Vanguard CDN Long Term Bond Index ETF
VLE.TO,Valeura Energy Inc
VLN.TO,Velan Inc Sv
VMO.TO,Vanguard Glob Momentum Factor ETF
VNP.TO,5N Plus Inc
VOXR.TO,Vox Royalty Corp
VPH.TO,Valeo Pharmainc
VQS.TO,Viq Solutions Inc
VRE.TO,Vanguard FTSE CDN Capped REIT Index ETF
VRIF.TO,Vanguard Retirement Income ETF
VRTS.TO,Virtus Investment Partners Inc.
VSB.TO,Vanguard CDN Short-Term Bond Index ETF
VSC.TO,Vanguard CDN Short Term Corp Bd ETF
VSP.TO,Vanguard S&P 500 Index ETF CAD Hdg
VUN.TO,Vanguard US Total Market ETF
VUS.TO,Vanguard US Total Mkt ETF CAD Hdg
VVL.TO,Vanguard Glob Val Factor ETF
VVO.TO,Vanguard Global Min Vol ETF
VXC.TO,Vanguard FTSE Global All Cap Ex Can ETF
VXM.TO,CI Morningstar Intl Value Idx ETF
VXM.B.TO,CI Morningstar Intl Value Idx Unheg
WCM.A.TO,Wilmington Capital Mgmt Inc Cl A NV
WCN.TO,Waste Connections Inc
WCP.TO,Whitecap Resources Inc
WDO.TO,Wesdome Gold Mines Ltd
WEED.TO,Canopy Growth Corp
WEED.DB.TO,Canopy Growth Corporation 8.00%
WEF.TO,Western Forest Products Inc
WELL.TO,Well Health Technologies Corp
WELL.DB.TO,Well Health Technologies 5.5 Pct Debs
WFC.TO,Wall Financial
WFG.TO,West Fraser Timber CO Ltd
WFS.TO,World Financial Split Corp
WFS.PR.A.TO,World Financial Split Corp
WILD.TO,Wildbrain Ltd
WILD.DB.TO,Wildbrain Ltd 5.875 Pct Debs
WJX.TO,Wajax Corp
WJX.DB.TO,Wajax Corp 6.00 Pct Debs
WLLW.TO,Willow Biosciencesinc
WM.TO,Wallbridge Mining Company Ltd
WN.TO,George Weston Limited
WN.PR.A.TO,George Weston Pref Ser 1
WN.PR.C.TO,George Weston 5.20% Pref Ser III
WN.PR.D.TO,George Weston 5.2% Pref Ser IV
WN.PR.E.TO,George Weston 4.75% Pref Ser V
WNDR.TO,Wonderfi Technologies Inc.
WNDR.WT.B.TO,Wonderfi Technologies Inc. Wts B
WOMN.TO,BMO Women IN Leadership Fund
WPK.TO,Winpak Ltd
WPM.TO,Wheaton Precious Metals Corp
WPRT.TO,Westport Fuel Systems Inc
WRG.TO,Western Energy Services Corp
WRN.TO,Western Copper and Gold Corp
WRX.TO,Western Resources Corp
WSP.TO,WSP Global Inc
WSRD.TO,Wealthsimple Dev Mkt Ex Na Soc Resp ETF
WSRI.TO,Wealthsimple Na Socially Resp Index ETF
WTE.TO,Westshore Terminals Investment Corp
WXM.TO,CI Morningstar Cda Momentum Idx ETF
X.TO,TMX Group Ltd
X.DB.A.TO,TMX Group Limited 2.997 Pct Debs
X.DB.B.TO,TMX Group Limited 3.779 Pct Debs
X.DB.C.TO,TMX Group Limited 4.461% Sr B
XAD.TO,Ishares U.S. Aerospace & Defense Index ETF
XAGG.TO,Ishares US Aggregate Bond Index ETF
XAGG.U.TO,Ishares US Aggregate Bond Index ETF USD
XAGH.TO,Ishares US Aggregate Bond Idx ETF CAD HD
XAM.TO,Xanadu Mines Ltd
XAU.TO,Goldmoney Inc
XAW.TO,Ishares Core MSCI All Cntry Ex Can ETF
XAW.U.TO,Ishares Core MSCI All Ex Can ETF USD
XBAL.TO,Ishares Core Balanced ETF Portfolio
XBB.TO,Ishares Core CDN Universe Bond ETF
XBM.TO,Ishares S&P TSX Global Base Mtls ETF
XCB.TO,Ishares Canadian Corporate Bond ETF
XCBG.TO,Ishares ESG Adv CAD Corp Bond Index ETF
XCBU.TO,Ishares US IG Corporate Bond Index ETF
XCBU.U.TO,Ishares US IG Corporate Bond Idx ETF USD
XCD.TO,Ishares S&P Global Cons Disc ETF
XCG.TO,Ishares Canadian Growth Index ETF
XCH.TO,Ishares China Index ETF
XCHP.TO,Ishares Semiconductor Index ETF
XCLN.TO,Ishares Global Clean Energy Index ETF
XCNS.TO,Ishares Core Conservative Balanced ETF
XCS.TO,Ishares S&P TSX Smallcap Index ETF
XCSR.TO,Ishares ESG Advanced MSCI Canada Idx ETF
XCV.TO,Ishares Canadian Value Index ETF
XDG.TO,Ishares Core MSCI Glo Qlty Div ETF
XDG.U.TO,Ishares Core MSCI Glo Qlty Div ETF USD
XDGH.TO,Ishares Core MSCI Glo Qlty Div ETF
XDIV.TO,Ishares Core MSCI CAD Qlty Div ETF
XDNA.TO,Ishares Genomics Immunology and Healthcare Index
XDRV.TO,Ishares Glbl Electric Autonomous Veh ETF
XDSR.TO,Ishares ESG Advanced MSCI EAFE Index ETF
XDU.TO,Ishares Core MSCI US Qlty Div ETF
XDU.U.TO,Ishares Core MSCI US Qlty Div ETF USD
XDUH.TO,Ishares Core MSCI US Qlty Div ETF
XDV.TO,Ishares Canadian Select Div Index ETF
XEB.TO,Ishares JP Morgan USD Emerg Mkts Bd ETF
XEC.TO,Ishares Core MSCI Emerging Mkts IMI ETF
XEC.U.TO,Ishares Core MSCI Emrgng Mkt IMI ETF
XEF.TO,Ishares Core MSCI EAFE IMI Index ETF
XEF.U.TO,Ishares Core MSCI EAFE IMI Index ETF
XEG.TO,Ishares S&P TSX Capped Energy Index ETF
XEH.TO,Ishares MSCI Europe IMI Index ETF
XEI.TO,Ishares S&P TSX Comp High Div Index ETF
XEM.TO,Ishares MSCI Emerging Markets ETF
XEMC.TO,Ishares MSCI Emerg Mkts Ex China Idx ETF
XEN.TO,Ishares Jantzi Social Index ETF
XEQT.TO,Ishares Core Equity ETF
XESG.TO,Ishares ESG MSCI Cda Index ETF
XETM.TO,Ishares TSX Energy Transition Materials Index Et
XEU.TO,Ishares MSCI Europe IMI Index ETF
XEXP.TO,Ishares Exponential Tech Index ETF
XFH.TO,Ishares Core MSCI EAFE IMI Index ETF
XFLB.TO,Ishares Core CDN 15 Year Fed Bnd Idx ETF
XFN.TO,Ishares S&P TSX Capped Financials ETF
XFR.TO,Ishares Floating Rate Index ETF
XGB.TO,Ishares Canadian Govt Bond Index ETF
XGD.TO,Ishares S&P TSX Global Gold Index ETF
XGI.TO,Ishares S&P Global Industrials ETF
XGRO.TO,Ishares Core Growth ETF Portfolio
XHAK.TO,Ishares Cybersecurity and Tech Index ETF
XHB.TO,Ishares CDN Hybrid Corp Bond ETF
XHC.TO,Ishares Global Healthcare Index ETF
XHD.TO,Ishares US High Div Equity Index ETF
XHU.TO,Ishares US High Div Equity Index ETF
XHY.TO,Ishares US High Yield Bond Index ETF
XIC.TO,Ishares Core S&P TSX Capped Comp ETF
XID.TO,Ishares India Index ETF
XIG.TO,Ishares US IG Corporate Bond Index ETF
XIGS.TO,Ishares 1 To 5 Year US IG Corp Bond ETF
XIN.TO,Ishares MSCI EAFE Index ETF
XINC.TO,Ishares Core Income Balanced ETF
XIT.TO,Ishares S&P TSX Capped Info Tech ETF
XIU.TO,Ishares S&P TSX 60 Index ETF
XLB.TO,Ishares Core CDN Long Term Bond ETF
XLVE.TO,Mulvihill US Hlth Care Enhanc Yld ETF
XLY.TO,Auxly Cannabis Group Inc
XMA.TO,Ishares S&P TSX Capped Materials ETF
XMC.TO,Ishares S&P US Midcap Index ETF
XMC.U.TO,Ishares SP US Midcap ETF USD
XMD.TO,Ishares S&P TSX Completion Index ETF
XMF.A.TO,M Split Corp Capital Shares 2014
XMF.PR.B.TO,M Split Corp Class I Pref Shares
XMF.PR.C.TO,M Split Corp Class II Pref Shares 2014
XMH.TO,Ishares S&P US Midcap Index ETF CAD Hgd
XMI.TO,Ishares Edge MSCI Min Vol EAFE ETF
XML.TO,Ishares Edge MSCI Mv EAFE ETF CAD Hgd
XMM.TO,Ishares Edge MSCI Min Vol Emerg ETF
XMS.TO,Ishares Edge MSCI Mv USA ETF CAD Hgd
XMTM.TO,Ishares Edge MSCI USA Momnt Fctr ETF
XMU.TO,Ishares Edge MSCI Min Vol USA ETF
XMU.U.TO,Ishares Edge MSCI Min Vol USA Index ETF
XMV.TO,Ishares Edge MSCI Min Vol Can ETF
XMW.TO,Ishares Edge MSCI Min Vol Gbl ETF
XMY.TO,Ishares Edge MSCI Mv Global ETF CAD Hgd
XPF.TO,Ishares S&P TSX Na Pref Stock ETF
XQB.TO,Ishares High Qlty Canadian Bond ETF
XQLT.TO,Ishares Edge MSCI USA Qlty Fctr Indx ETF
XQQ.TO,Ishares Nasdaq 100 Index ETF
XQQU.TO,Ishares Nasdaq 100 Index ETF
XQQU.U.TO,Ishares Nasdaq 100 Index ETF
XRB.TO,Ishares CDN Real Return Bond Index ETF
XRE.TO,Ishares S&P TSX Capped REIT Index ETF
XSAB.TO,Ishares ESG CDN Agg Bond Index ETF
XSB.TO,Ishares Core CDN Short Trm Bond ETF
XSC.TO,Ishares Cons ST Strat Fix Inc ETF
XSE.TO,Ishares Cons Strat Fix Inc ETF
XSEA.TO,Ishares ESG MSCI EAFE Index ETF
XSEM.TO,Ishares ESG MSCI Emerg Mkts Index ETF
XSH.TO,Ishares Core CDN ST Corp Maple Bnd ETF
XSHG.TO,Ishares ESG Adv 1 To 5 Yr CAD Bd Idx ETF
XSHU.TO,Ishares 1 To 5 Year US IG Corp Bond ETF
XSHU.U.TO,Ishares 1 To 5 Yr US IG Corp Bd ETF USD
XSI.TO,Ishares Short Term Strategic FI ETF
XSMC.TO,Ishares SP US Small Cap Index ETF
XSMH.TO,Ishares SP US Small Cap ETF CAD Hdg
XSP.TO,Ishares Core S&P 500 ETF CAD Hdg ETF
XST.TO,Ishares S&P TSX Capped Cons Stpl ETF
XSTB.TO,Ishares ESG CDN ST Bond Index ETF
XSTH.TO,Ishares 0 To 5 Year TIPS Bond Idx HD ETF
XSTP.TO,Ishares 0 To 5 Year TIPS Bond Index ETF
XSTP.U.TO,Ishares 0 To 5 Yr TIPS Bond Idx ETF USD
XSU.TO,Ishares US Small Cap Index ETF
XSUS.TO,Ishares ESG MSCI USA Index ETF
XTC.TO,Exco Tech
XTD.TO,Tdb Split Corp Class A Shares
XTD.PR.A.TO,Tdb Split Corp Priority Equity Shares
XTG.TO,Xtra Gold Resources Corp
XTLH.TO,Ishares 20 Year US Treasury Bond Hdg ETF
XTLT.TO,Ishares 20 Year US Treasury Bond ETF
XTLT.U.TO,Ishares 20 Year US Treasury Bond ETF USD
XTR.TO,Ishares Diversified Monthly Income ETF
XTRA.TO,Patriot One Technologies Inc
XUH.TO,Ishares Core S&P US Total Mkt ETF CAD Heg
XUS.TO,Ishares Core S&P 500 Index ETF
XUS.U.TO,Ishares Core SP 500 Index ETF
XUSF.TO,Ishares SP US Financials Index ETF
XUSR.TO,Ishares ESG Advanced MSCI USA Index ETF
XUT.TO,Ishares S&P TSX Capped Utilities ETF
XUU.TO,Ishares Core S&P US Total Market ETF
XUU.U.TO,Ishares Core SP US Total Market ETF USD
XVLU.TO,Ishares Edge MSCI USA Value Fctr ETF
XWD.TO,Ishares MSCI World Index ETF
XXM.TO,CI Morningstar US Value Index ETF
XXM.B.TO,CI Morningstr US Value Idx Unhdgd ETF
Y.TO,Yellow Pages Ltd
YCM.TO,Commerce Split Corp Capital Shares
YCM.PR.A.TO,Commerce Split Corp Class I Pref Shares
YCM.PR.B.TO,Commerce Split Corp Class II Pref Shares
YGR.TO,Yangarra Resources Ltd
YRB.TO,Yorbeau Resources Inc
YXM.TO,CI MS US Momentum Index ETF
YXM.B.TO,CI MS US Momentum Unhdgd ETF
ZACE.TO,BMO US All Cap Equity Fund ETF
ZAG.TO,BMO Aggregate Bond Index ETF
ZBAL.TO,BMO Balanced ETF
ZBAL.T.TO,BMO Balanced ETF [Fixed Percentage Distr
ZBBB.TO,BMO BBB Corporate Bond Index ETF
ZBI.TO,BMO Canadian Bank Income Index ETF
ZBK.TO,BMO Equal Weight US Bank ETF
ZCB.TO,BMO Corporate Bond Index ETF
ZCDB.TO,BMO Corporate Discount Bond ETF
ZCH.TO,BMO China Equity Index ETF
ZCLN.TO,BMO Clean Energy Index ETF
ZCM.TO,BMO Mid Corporate Bond ETF
ZCN.TO,BMO S&P TSX Capped Comp ETF
ZCON.TO,BMO Conservative ETF
ZCPB.TO,BMO Core Plus Bond Fund
ZCS.TO,BMO Short Corp Bond ETF
ZCS.L.TO,BMO Short Corporate Bond ETF
ZDB.TO,BMO Discount Bond ETF
ZDH.TO,BMO Intl Div CAD Hedge ETF
ZDI.TO,BMO International Dividend ETF
ZDJ.TO,BMO DJIA Hedged To CAD Index ETF
ZDM.TO,BMO MSCI EAFE Hedged To CAD Index ETF
ZDV.TO,BMO Canadian Dividend ETF
ZDY.TO,BMO US Dividend ETF CAD
ZDY.U.TO,BMO US Dividend ETF USD
ZEA.TO,BMO MSCI EAFE ETF
ZEAT.TO,BMO Global Agriculture ETF
ZEB.TO,BMO S&P TSX Equal Weight Banks Index ETF
ZEF.TO,BMO Emg Mkt Bond Hdgd To CAD ETF
ZEM.TO,BMO MSCI Emerging Markets Index ETF
ZEO.TO,BMO S&P TSX Eql Weight Oil Gas Index ETF
ZEQ.TO,BMO MSCI EU Hq Hcad ETF
ZEQT.TO,BMO All-Equity ETF
ZESG.TO,BMO Balanced ESG ETF
ZFC.TO,BMO Sia Focused Canadian Equity Fund
ZFH.TO,BMO Floating Rate High Yield ETF
ZFL.TO,BMO Long Fed Bond Index ETF
ZFM.TO,BMO Mid Federal Bond Index ETF
ZFN.TO,BMO Sia Focused North American Equity Fu
ZFS.TO,BMO Short Federal Bond Index ETF
ZFS.L.TO,BMO Short Federal Bond Index ETF
ZGB.TO,BMO Government Bond Index ETF
ZGD.TO,BMO S&P TSX Eql Weight Global Gold ETF
ZGI.TO,BMO Global Infrastructure Index ETF
ZGLD.TO,BMO Gold Bullion ETF
ZGLD.U.TO,BMO Gold Bullion ETF USD
ZGLH.TO,BMO Gold Bullion Hedged To CAD ETF
ZGQ.TO,BMO MSCI All Cntry Wrld High Qlty ETF
ZGRN.TO,BMO MSCI ACWI Paris Aligned Climate Equi
ZGRO.TO,BMO Growth ETF
ZGRO.T.TO,BMO Growth ETF
ZGSB.TO,BMO Global Strategic Bond Fund
ZHP.TO,BMO US Pref Share Hgd To CAD ETF
ZHU.TO,BMO Equal Weight US Health Care Idx ETF
ZHY.TO,BMO High Yld US Corp Bnd Hdg CAD ETF
ZIC.TO,BMO Mid Term US IG Corp Bond ETF
ZIC.U.TO,BMO Mid Term US IG Corp Bond ETF USD
ZID.TO,BMO India Equity Index ETF
ZIN.TO,BMO S&P TSX Equal Weight Indstrl ETF
ZIU.TO,BMO S&P/Tsx 60 Index ETF
ZJG.TO,BMO Junior Gold Index ETF
ZJK.TO,BMO High Yield US Corp Bond ETF
ZJK.U.TO,BMO High Yield US Corp Bond Indx ETF USD
ZJPN.TO,BMO Japan Index ETF
ZJPN.F.TO,BMO Japan Index Hdg ETF
ZLB.TO,BMO Low Volatility CAD Equity ETF
ZLC.TO,BMO Long Corporate Bond Index ETF
ZLD.TO,BMO Low Vol Intl Eqty Hed To CAD ETF
ZLE.TO,BMO Low Vol Emerg Mkt Equity ETF
ZLH.TO,BMO Low Vol US Eqty Hed To CAD ETF
ZLI.TO,BMO Low Vol Intl Equity ETF
ZLSC.TO,BMO Long Short Canadian Equity ETF
ZLSU.TO,BMO Long Short US Equity ETF
ZLU.TO,BMO Low Volatility US Equity ETF CAD
ZLU.U.TO,BMO Low Volatility US Equity ETF USD
ZMBS.TO,BMO Canadian MBS Index ETF
ZMI.TO,BMO Monthly Income ETF
ZMI.U.TO,BMO Monthly Income ETF USD
ZMID.TO,BMO SP US Mid Cap Index ETF
ZMID.F.TO,BMO SP US Mid Cap Index ETF Hedged
ZMID.U.TO,BMO SP US Mid Cap Index ETF USD
ZMMK.TO,BMO Money Market Fund ETF
ZMP.TO,BMO Mid Provincial Bond Index ETF
ZMSB.TO,BMO Global Multi Sector Bond Fund
ZMT.TO,BMO Sptsx Eql Wgt Glb Metal Hed CAD ETF
ZMU.TO,BMO Mid Term US IG Corp Bd Hgd CAD Idx
ZNQ.TO,BMO Nasdaq 100 Equity Index ETF
ZNQ.U.TO,BMO Nasdaq 100 Equity Index ETF USD
ZPAY.TO,BMO Premium Yield ETF
ZPAY.F.TO,BMO Premium Yield ETF Hedged
ZPAY.U.TO,BMO Premium Yield ETF USD
ZPH.TO,BMO US Put Write Hedged To CAD ETF
ZPL.TO,BMO Long Provincial Bond Index ETF
ZPR.TO,BMO Laddered Pref Share ETF
ZPR.U.TO,BMO Laddered Pref Share Idx ETF USD
ZPS.TO,BMO Short Provincial Bond Index ETF
ZPS.L.TO,BMO Short Provincial Bond Index ETF
ZPW.TO,BMO US Put Write ETF
ZPW.U.TO,BMO US Put Write ETF USD
ZQB.TO,BMO High Quality Corporate Bond Idx ETF
ZQQ.TO,BMO Nasdaq 100 Hedged To CAD Index ETF
ZRE.TO,BMO Equal Weight Reits Index ETF
ZRR.TO,BMO Real Return Bond Index ETF
ZSB.TO,BMO Short Term Bond Idx ETF
ZSDB.TO,BMO Short Term Discount Bond ETF
ZSML.TO,BMO SP US Small Cap Index ETF
ZSML.F.TO,BMO SP US Small Cap Index ETF Hedged
ZSML.U.TO,BMO SP US Small Cap Index ETF USD
ZSP.TO,BMO S&P 500 Index ETF
ZSP.U.TO,BMO S&P 500 Index ETF USD
ZST.TO,BMO Ultra Short Term Bond ETF
ZST.L.TO,BMO Ultra Short Term Bond ETF
ZSU.TO,BMO ST US IG Corp Bond Hcad ETF
ZTIP.TO,BMO Short Term US TIPS Index ETF
ZTIP.F.TO,BMO Short Term US TIPS Index Hgd ETF
ZTIP.U.TO,BMO Short Term US TIPS Index ETF USD
ZUAG.TO,BMO US Aggregate Bond Index ETF
ZUAG.F.TO,BMO US Aggregate Bond Index ETF Hdg
ZUAG.U.TO,BMO US Aggregate Bond Index ETF USD
ZUB.TO,BMO Eql Wgt US Bank Hdgd To CAD ETF
ZUCM.TO,BMO USD Cash Management ETF
ZUCM.U.TO,BMO USD Cash Management ETF
ZUD.TO,BMO US Dividend Hedged To CAD ETF
ZUE.TO,BMO S&P 500 Hedged CAD ETF
ZUGE.TO,BMO US Equity Growth Mfr Fund ETF
ZUH.TO,BMO Eql Wgt US Hcare Hdgd To CAD ETF
ZUP.TO,BMO US Pref Share Index ETF
ZUP.U.TO,BMO US Pref Share Index ETF
ZUQ.TO,BMO MSCI USA High Quality Index ETF
ZUQ.F.TO,BMO MSCI USA High Quality Index ETF [Hed
ZUQ.U.TO,BMO MSCI USA High Quality Index ETF USD
ZUS.U.TO,BMO Ultra Short Term US Bond ETF USD
ZUS.V.TO,BMO Ultra Short Term US Bond ETF USD Acc
ZUT.TO,BMO Equal Weight Utilities Index ETF
ZUVE.TO,BMO US Equity Value Mfr Fund ETF
ZVC.TO,BMO MSCI Cda Value Index ETF
ZVU.TO,BMO MSCI USA Value Index ETF
ZWA.TO,BMO Covered Call DJIA CAD ETF
ZWB.TO,BMO Covered Call Canadian Banks ETF
ZWB.U.TO,BMO Covered Call Canadian Banks ETF USD
ZWC.TO,BMO CDN High Div Covered Call ETF
ZWE.TO,BMO Europe High Div CC CAD Hedge ETF
ZWEN.TO,BMO Covered Call Energy ETF
ZWG.TO,BMO Gbl High Dividend Covered Call ETF
ZWH.TO,BMO US High Dividend Covered Call ETF
ZWH.U.TO,BMO US High Dividend Cov Call ETF USD
ZWHC.TO,BMO Covered Call Health Care ETF
ZWK.TO,BMO Covered Call US Banks ETF
ZWP.TO,BMO Europe High Div Cov Call ETF
ZWQT.TO,BMO Global Enhanced Income Fund ETF
ZWS.TO,BMO US High Div Cov Call Hgd ETF
ZWT.TO,BMO Covered Call Technology ETF
ZWU.TO,BMO Covered Call Utilities ETF
ZXM.TO,CI Morningstar Intl Momentum Idx ETF
ZXM.B.TO,CI Morningstar Intl Momentum ETF
ZZZ.TO,Sleep Country Canada Holdings Inc
ZZZD.TO,BMO Tactical Dividend ETF Fund
